city,latitude,longitude,date,temperature_max,temperature_min,precipitation_sum,precipitation_probability_max,wind_speed_max,wind_gusts_max,weather_code,lat,lng,country,iso2,admin_name,capital,population,population_proper
Ad Dakhla,23.7167,-15.95,2026-09-14,22.4,19.9,0.0,0,19.7,24.5,0,23.7167,-15.95,Morocco,MA,Dakhla-Oued Ed-Dahab,,165463,165463
Ad Dakhla,23.7167,-15.95,2026-09-15,23.9,19.7,0.0,2,28.7,34.6,3,23.7167,-15.95,Morocco,MA,Dakhla-Oued Ed-Dahab,,165463,165463
Ad Dakhla,23.7167,-15.95,2026-09-16,23.6,21.7,0.0,0,34.0,42.1,0,23.7167,-15.95,Morocco,MA,Dakhla-Oued Ed-Dahab,,165463,165463
Ad Dakhla,23.7167,-15.95,2026-09-17,22.4,19.8,0.0,0,38.1,48.6,0,23.7167,-15.95,Morocco,MA,Dakhla-Oued Ed-Dahab,,165463,165463
Ad Dakhla,23.7167,-15.95,2026-09-18,21.2,20.2,0.0,0,35.6,45.4,0,23.7167,-15.95,Morocco,MA,Dakhla-Oued Ed-Dahab,,165463,165463
Ad Dakhla,23.7167,-15.95,2026-09-19,21.0,19.9,0.0,0,28.1,35.6,0,23.7167,-15.95,Morocco,MA,Dakhla-Oued Ed-Dahab,,165463,165463
Ad Dakhla,23.7167,-15.95,2026-09-20,21.7,19.6,0.0,0,30.4,39.2,0,23.7167,-15.95,Morocco,MA,Dakhla-Oued Ed-Dahab,,165463,165463
Ad Darwa,33.4167,-7.5333,2026-09-14,38.0,23.9,0.0,0,17.7,33.8,2,33.4167,-7.5333,Morocco,MA,Casablanca-Settat,,96619,96619
Ad Darwa,33.4167,-7.5333,2026-09-15,32.2,20.3,0.0,0,17.6,34.6,45,33.4167,-7.5333,Morocco,MA,Casablanca-Settat,,96619,96619
Ad Darwa,33.4167,-7.5333,2026-09-16,27.4,19.3,0.0,0,19.0,36.4,45,33.4167,-7.5333,Morocco,MA,Casablanca-Settat,,96619,96619
Ad Darwa,33.4167,-7.5333,2026-09-17,26.9,18.5,0.0,2,14.5,29.5,3,33.4167,-7.5333,Morocco,MA,Casablanca-Settat,,96619,96619
Ad Darwa,33.4167,-7.5333,2026-09-18,27.6,16.3,0.0,3,19.5,38.2,45,33.4167,-7.5333,Morocco,MA,Casablanca-Settat,,96619,96619
Ad Darwa,33.4167,-7.5333,2026-09-19,32.7,18.6,0.0,5,19.6,36.7,45,33.4167,-7.5333,Morocco,MA,Casablanca-Settat,,96619,96619
Ad Darwa,33.4167,-7.5333,2026-09-20,36.9,20.5,0.0,5,19.8,40.3,3,33.4167,-7.5333,Morocco,MA,Casablanca-Settat,,96619,96619
Agadir,30.4214,-9.5831,2026-09-14,39.3,28.6,0.0,5,17.3,43.9,3,30.4214,-9.5831,Morocco,MA,Souss-Massa,admin,538000,538000
Agadir,30.4214,-9.5831,2026-09-15,34.2,26.5,0.2,0,10.5,30.2,3,30.4214,-9.5831,Morocco,MA,Souss-Massa,admin,538000,538000
Agadir,30.4214,-9.5831,2026-09-16,36.5,23.8,0.0,0,16.3,47.9,0,30.4214,-9.5831,Morocco,MA,Souss-Massa,admin,538000,538000
Agadir,30.4214,-9.5831,2026-09-17,28.0,20.3,0.0,2,13.8,36.0,2,30.4214,-9.5831,Morocco,MA,Souss-Massa,admin,538000,538000
Agadir,30.4214,-9.5831,2026-09-18,26.3,19.7,0.0,5,13.5,36.7,2,30.4214,-9.5831,Morocco,MA,Souss-Massa,admin,538000,538000
Agadir,30.4214,-9.5831,2026-09-19,37.7,20.2,0.0,3,16.3,40.0,3,30.4214,-9.5831,Morocco,MA,Souss-Massa,admin,538000,538000
Agadir,30.4214,-9.5831,2026-09-20,40.1,25.2,0.0,0,16.9,38.5,1,30.4214,-9.5831,Morocco,MA,Souss-Massa,admin,538000,538000
Aguelmous,33.1324,-5.8366,2026-09-14,35.0,21.4,0.1,20,16.4,34.9,3,33.1324,-5.8366,Morocco,MA,Béni Mellal-Khénifra,,36560,36560
Aguelmous,33.1324,-5.8366,2026-09-15,33.0,18.8,0.0,0,22.1,43.6,3,33.1324,-5.8366,Morocco,MA,Béni Mellal-Khénifra,,36560,36560
Aguelmous,33.1324,-5.8366,2026-09-16,29.6,15.6,0.0,0,19.5,41.4,1,33.1324,-5.8366,Morocco,MA,Béni Mellal-Khénifra,,36560,36560
Aguelmous,33.1324,-5.8366,2026-09-17,28.4,15.8,0.0,13,15.2,31.7,3,33.1324,-5.8366,Morocco,MA,Béni Mellal-Khénifra,,36560,36560
Aguelmous,33.1324,-5.8366,2026-09-18,29.9,13.9,0.0,30,20.6,40.7,2,33.1324,-5.8366,Morocco,MA,Béni Mellal-Khénifra,,36560,36560
Aguelmous,33.1324,-5.8366,2026-09-19,31.0,17.0,0.3,12,15.8,34.9,3,33.1324,-5.8366,Morocco,MA,Béni Mellal-Khénifra,,36560,36560
Aguelmous,33.1324,-5.8366,2026-09-20,33.3,17.6,0.0,13,16.9,32.8,2,33.1324,-5.8366,Morocco,MA,Béni Mellal-Khénifra,,36560,36560
Ain El Aouda,33.8111,-6.7922,2026-09-14,37.6,22.6,0.0,0,17.9,35.3,1,33.8111,-6.7922,Morocco,MA,Rabat-Salé-Kénitra,,98502,98502
Ain El Aouda,33.8111,-6.7922,2026-09-15,30.7,19.7,0.0,0,19.6,39.2,0,33.8111,-6.7922,Morocco,MA,Rabat-Salé-Kénitra,,98502,98502
Ain El Aouda,33.8111,-6.7922,2026-09-16,26.8,18.6,0.0,0,20.6,41.4,2,33.8111,-6.7922,Morocco,MA,Rabat-Salé-Kénitra,,98502,98502
Ain El Aouda,33.8111,-6.7922,2026-09-17,26.4,17.1,0.0,0,15.8,31.7,3,33.8111,-6.7922,Morocco,MA,Rabat-Salé-Kénitra,,98502,98502
Ain El Aouda,33.8111,-6.7922,2026-09-18,28.1,15.0,0.0,3,18.3,37.4,45,33.8111,-6.7922,Morocco,MA,Rabat-Salé-Kénitra,,98502,98502
Ain El Aouda,33.8111,-6.7922,2026-09-19,32.4,16.5,0.0,5,15.5,33.1,3,33.8111,-6.7922,Morocco,MA,Rabat-Salé-Kénitra,,98502,98502
Ain El Aouda,33.8111,-6.7922,2026-09-20,36.7,20.5,0.0,5,20.4,39.2,0,33.8111,-6.7922,Morocco,MA,Rabat-Salé-Kénitra,,98502,98502
Ait Ali,30.1739,-9.4881,2026-09-14,40.1,27.2,0.0,5,19.5,32.0,3,30.1739,-9.4881,Morocco,MA,Souss-Massa,,113236,113236
Ait Ali,30.1739,-9.4881,2026-09-15,35.1,25.7,0.2,5,21.0,33.8,3,30.1739,-9.4881,Morocco,MA,Souss-Massa,,113236,113236
Ait Ali,30.1739,-9.4881,2026-09-16,30.4,22.1,0.0,0,27.9,44.6,1,30.1739,-9.4881,Morocco,MA,Souss-Massa,,113236,113236
Ait Ali,30.1739,-9.4881,2026-09-17,26.2,20.5,0.0,2,26.7,42.8,2,30.1739,-9.4881,Morocco,MA,Souss-Massa,,113236,113236
Ait Ali,30.1739,-9.4881,2026-09-18,26.6,20.1,0.0,3,22.7,37.8,2,30.1739,-9.4881,Morocco,MA,Souss-Massa,,113236,113236
Ait Ali,30.1739,-9.4881,2026-09-19,31.2,19.9,0.3,0,17.7,33.5,2,30.1739,-9.4881,Morocco,MA,Souss-Massa,,113236,113236
Ait Ali,30.1739,-9.4881,2026-09-20,37.8,25.3,0.0,0,22.5,37.4,1,30.1739,-9.4881,Morocco,MA,Souss-Massa,,113236,113236
Ait Melloul,30.3342,-9.4972,2026-09-14,39.8,25.3,0.0,3,17.7,34.2,3,30.3342,-9.4972,Morocco,MA,Souss-Massa,,210870,210870
Ait Melloul,30.3342,-9.4972,2026-09-15,34.0,25.2,0.3,3,17.7,34.6,3,30.3342,-9.4972,Morocco,MA,Souss-Massa,,210870,210870
Ait Melloul,30.3342,-9.4972,2026-09-16,29.4,21.6,0.0,0,20.5,39.6,1,30.3342,-9.4972,Morocco,MA,Souss-Massa,,210870,210870
Ait Melloul,30.3342,-9.4972,2026-09-17,26.6,21.0,0.0,0,17.5,34.2,3,30.3342,-9.4972,Morocco,MA,Souss-Massa,,210870,210870
Ait Melloul,30.3342,-9.4972,2026-09-18,26.3,20.0,0.0,5,18.4,36.0,2,30.3342,-9.4972,Morocco,MA,Souss-Massa,,210870,210870
Ait Melloul,30.3342,-9.4972,2026-09-19,38.0,20.3,0.0,5,16.3,40.0,3,30.3342,-9.4972,Morocco,MA,Souss-Massa,,210870,210870
Ait Melloul,30.3342,-9.4972,2026-09-20,40.3,25.4,0.0,0,16.9,38.5,1,30.3342,-9.4972,Morocco,MA,Souss-Massa,,210870,210870
Ait Ourir,31.5644,-7.6628,2026-09-14,37.9,25.2,0.0,0,14.9,29.9,3,31.5644,-7.6628,Morocco,MA,Marrakech-Safi,,56954,56954
Ait Ourir,31.5644,-7.6628,2026-09-15,36.7,24.3,0.0,0,19.2,36.0,3,31.5644,-7.6628,Morocco,MA,Marrakech-Safi,,56954,56954
Ait Ourir,31.5644,-7.6628,2026-09-16,32.9,19.8,0.0,0,14.2,27.4,0,31.5644,-7.6628,Morocco,MA,Marrakech-Safi,,56954,56954
Ait Ourir,31.5644,-7.6628,2026-09-17,28.9,17.0,0.0,3,10.8,21.6,2,31.5644,-7.6628,Morocco,MA,Marrakech-Safi,,56954,56954
Ait Ourir,31.5644,-7.6628,2026-09-18,30.2,17.1,0.0,18,12.0,24.5,3,31.5644,-7.6628,Morocco,MA,Marrakech-Safi,,56954,56954
Ait Ourir,31.5644,-7.6628,2026-09-19,34.1,18.5,0.9,12,9.7,19.1,3,31.5644,-7.6628,Morocco,MA,Marrakech-Safi,,56954,56954
Ait Ourir,31.5644,-7.6628,2026-09-20,36.7,19.6,0.0,8,16.3,31.3,3,31.5644,-7.6628,Morocco,MA,Marrakech-Safi,,56954,56954
Al Aaroui,35.0104,-3.0073,2026-09-14,27.2,20.8,0.0,0,22.9,40.0,45,35.0104,-3.0073,Morocco,MA,Oriental,,46540,46540
Al Aaroui,35.0104,-3.0073,2026-09-15,28.1,18.7,0.0,0,16.3,28.4,45,35.0104,-3.0073,Morocco,MA,Oriental,,46540,46540
Al Aaroui,35.0104,-3.0073,2026-09-16,32.9,16.5,0.0,0,16.2,28.4,1,35.0104,-3.0073,Morocco,MA,Oriental,,46540,46540
Al Aaroui,35.0104,-3.0073,2026-09-17,27.4,19.4,0.0,2,16.8,31.0,3,35.0104,-3.0073,Morocco,MA,Oriental,,46540,46540
Al Aaroui,35.0104,-3.0073,2026-09-18,26.8,18.2,0.0,7,24.2,43.6,45,35.0104,-3.0073,Morocco,MA,Oriental,,46540,46540
Al Aaroui,35.0104,-3.0073,2026-09-19,28.8,20.5,0.0,8,20.2,36.4,3,35.0104,-3.0073,Morocco,MA,Oriental,,46540,46540
Al Aaroui,35.0104,-3.0073,2026-09-20,29.3,20.8,0.0,5,17.7,36.0,45,35.0104,-3.0073,Morocco,MA,Oriental,,46540,46540
Al Fqih Ben Çalah,32.507,-6.6886,2026-09-14,41.0,21.6,0.0,3,13.2,28.1,3,32.507,-6.6886,Morocco,MA,Béni Mellal-Khénifra,,97380,97380
Al Fqih Ben Çalah,32.507,-6.6886,2026-09-15,39.2,21.7,0.0,0,21.7,41.0,3,32.507,-6.6886,Morocco,MA,Béni Mellal-Khénifra,,97380,97380
Al Fqih Ben Çalah,32.507,-6.6886,2026-09-16,35.2,16.8,0.0,0,20.5,42.8,0,32.507,-6.6886,Morocco,MA,Béni Mellal-Khénifra,,97380,97380
Al Fqih Ben Çalah,32.507,-6.6886,2026-09-17,32.8,16.1,0.0,2,14.9,30.2,45,32.507,-6.6886,Morocco,MA,Béni Mellal-Khénifra,,97380,97380
Al Fqih Ben Çalah,32.507,-6.6886,2026-09-18,34.3,16.2,0.0,15,7.5,20.9,1,32.507,-6.6886,Morocco,MA,Béni Mellal-Khénifra,,97380,97380
Al Fqih Ben Çalah,32.507,-6.6886,2026-09-19,37.8,18.3,0.0,9,13.8,46.1,3,32.507,-6.6886,Morocco,MA,Béni Mellal-Khénifra,,97380,97380
Al Fqih Ben Çalah,32.507,-6.6886,2026-09-20,39.5,20.6,0.0,3,13.8,24.8,2,32.507,-6.6886,Morocco,MA,Béni Mellal-Khénifra,,97380,97380
Al Hoceïma,35.2472,-3.9322,2026-09-14,28.7,19.5,0.0,0,15.0,27.7,1,35.2472,-3.9322,Morocco,MA,Tanger-Tétouan-Al Hoceïma,,50225,50225
Al Hoceïma,35.2472,-3.9322,2026-09-15,26.0,19.4,0.0,0,10.9,20.2,45,35.2472,-3.9322,Morocco,MA,Tanger-Tétouan-Al Hoceïma,,50225,50225
Al Hoceïma,35.2472,-3.9322,2026-09-16,27.9,19.3,0.0,1,10.8,21.6,45,35.2472,-3.9322,Morocco,MA,Tanger-Tétouan-Al Hoceïma,,50225,50225
Al Hoceïma,35.2472,-3.9322,2026-09-17,25.4,20.0,0.0,5,14.0,25.2,3,35.2472,-3.9322,Morocco,MA,Tanger-Tétouan-Al Hoceïma,,50225,50225
Al Hoceïma,35.2472,-3.9322,2026-09-18,26.0,19.1,0.0,8,17.3,32.4,45,35.2472,-3.9322,Morocco,MA,Tanger-Tétouan-Al Hoceïma,,50225,50225
Al Hoceïma,35.2472,-3.9322,2026-09-19,27.7,19.5,0.0,2,14.9,28.8,3,35.2472,-3.9322,Morocco,MA,Tanger-Tétouan-Al Hoceïma,,50225,50225
Al Hoceïma,35.2472,-3.9322,2026-09-20,27.7,22.0,0.0,0,12.5,22.7,45,35.2472,-3.9322,Morocco,MA,Tanger-Tétouan-Al Hoceïma,,50225,50225
Al Khmissat,33.81,-6.06,2026-09-14,39.1,23.2,0.0,0,18.9,37.8,3,33.81,-6.06,Morocco,MA,Rabat-Salé-Kénitra,,131542,131542
Al Khmissat,33.81,-6.06,2026-09-15,35.3,20.8,0.0,0,18.9,37.8,2,33.81,-6.06,Morocco,MA,Rabat-Salé-Kénitra,,131542,131542
Al Khmissat,33.81,-6.06,2026-09-16,30.9,18.1,0.0,0,18.4,37.4,2,33.81,-6.06,Morocco,MA,Rabat-Salé-Kénitra,,131542,131542
Al Khmissat,33.81,-6.06,2026-09-17,27.9,16.2,0.0,2,14.1,28.8,45,33.81,-6.06,Morocco,MA,Rabat-Salé-Kénitra,,131542,131542
Al Khmissat,33.81,-6.06,2026-09-18,30.4,14.8,0.0,5,18.1,33.8,3,33.81,-6.06,Morocco,MA,Rabat-Salé-Kénitra,,131542,131542
Al Khmissat,33.81,-6.06,2026-09-19,35.3,18.1,0.0,3,13.3,27.7,3,33.81,-6.06,Morocco,MA,Rabat-Salé-Kénitra,,131542,131542
Al Khmissat,33.81,-6.06,2026-09-20,38.1,19.2,0.0,3,21.2,39.6,1,33.81,-6.06,Morocco,MA,Rabat-Salé-Kénitra,,131542,131542
Al ’Attawia,31.83,-7.31,2026-09-14,38.1,23.6,0.0,3,20.5,36.4,3,31.83,-7.31,Morocco,MA,Marrakech-Safi,,38405,38405
Al ’Attawia,31.83,-7.31,2026-09-15,36.7,23.0,0.0,3,20.3,36.4,3,31.83,-7.31,Morocco,MA,Marrakech-Safi,,38405,38405
Al ’Attawia,31.83,-7.31,2026-09-16,32.8,18.3,0.0,0,17.1,29.9,0,31.83,-7.31,Morocco,MA,Marrakech-Safi,,38405,38405
Al ’Attawia,31.83,-7.31,2026-09-17,29.1,16.4,0.0,2,12.9,24.5,45,31.83,-7.31,Morocco,MA,Marrakech-Safi,,38405,38405
Al ’Attawia,31.83,-7.31,2026-09-18,30.2,16.5,0.0,18,15.0,26.6,2,31.83,-7.31,Morocco,MA,Marrakech-Safi,,38405,38405
Al ’Attawia,31.83,-7.31,2026-09-19,34.3,16.9,0.6,12,12.3,35.3,80,31.83,-7.31,Morocco,MA,Marrakech-Safi,,38405,38405
Al ’Attawia,31.83,-7.31,2026-09-20,36.7,18.5,0.0,8,17.3,29.5,3,31.83,-7.31,Morocco,MA,Marrakech-Safi,,38405,38405
Arfoud,31.4361,-4.2328,2026-09-14,38.0,23.5,0.2,8,14.4,22.0,3,31.4361,-4.2328,Morocco,MA,Drâa-Tafilalet,,28912,28912
Arfoud,31.4361,-4.2328,2026-09-15,34.4,26.5,0.0,8,22.8,41.0,3,31.4361,-4.2328,Morocco,MA,Drâa-Tafilalet,,28912,28912
Arfoud,31.4361,-4.2328,2026-09-16,34.8,23.2,0.0,0,13.0,21.2,2,31.4361,-4.2328,Morocco,MA,Drâa-Tafilalet,,28912,28912
Arfoud,31.4361,-4.2328,2026-09-17,35.3,23.2,0.0,25,12.0,20.2,3,31.4361,-4.2328,Morocco,MA,Drâa-Tafilalet,,28912,28912
Arfoud,31.4361,-4.2328,2026-09-18,35.2,24.6,0.0,24,15.0,27.0,3,31.4361,-4.2328,Morocco,MA,Drâa-Tafilalet,,28912,28912
Arfoud,31.4361,-4.2328,2026-09-19,33.2,23.6,0.0,18,14.8,23.4,3,31.4361,-4.2328,Morocco,MA,Drâa-Tafilalet,,28912,28912
Arfoud,31.4361,-4.2328,2026-09-20,34.4,20.6,0.0,3,8.4,16.2,2,31.4361,-4.2328,Morocco,MA,Drâa-Tafilalet,,28912,28912
Asilah,35.4667,-6.0333,2026-09-14,32.3,23.5,0.0,0,22.6,41.0,0,35.4667,-6.0333,Morocco,MA,Tanger-Tétouan-Al Hoceïma,,36039,36039
Asilah,35.4667,-6.0333,2026-09-15,32.5,21.8,0.0,0,20.4,38.2,0,35.4667,-6.0333,Morocco,MA,Tanger-Tétouan-Al Hoceïma,,36039,36039
Asilah,35.4667,-6.0333,2026-09-16,25.3,19.8,0.0,0,21.9,39.6,3,35.4667,-6.0333,Morocco,MA,Tanger-Tétouan-Al Hoceïma,,36039,36039
Asilah,35.4667,-6.0333,2026-09-17,24.1,19.2,0.0,2,16.6,30.2,3,35.4667,-6.0333,Morocco,MA,Tanger-Tétouan-Al Hoceïma,,36039,36039
Asilah,35.4667,-6.0333,2026-09-18,28.6,17.1,0.0,3,25.5,49.0,2,35.4667,-6.0333,Morocco,MA,Tanger-Tétouan-Al Hoceïma,,36039,36039
Asilah,35.4667,-6.0333,2026-09-19,36.5,21.6,0.0,3,19.2,34.9,2,35.4667,-6.0333,Morocco,MA,Tanger-Tétouan-Al Hoceïma,,36039,36039
Asilah,35.4667,-6.0333,2026-09-20,37.8,23.3,0.0,3,18.1,36.0,1,35.4667,-6.0333,Morocco,MA,Tanger-Tétouan-Al Hoceïma,,36039,36039
Azemmour,33.2833,-8.3333,2026-09-14,32.2,20.3,0.0,0,14.0,25.9,2,33.2833,-8.3333,Morocco,MA,Casablanca-Settat,,42098,42098
Azemmour,33.2833,-8.3333,2026-09-15,28.3,21.0,0.0,0,17.3,31.3,45,33.2833,-8.3333,Morocco,MA,Casablanca-Settat,,42098,42098
Azemmour,33.2833,-8.3333,2026-09-16,26.1,19.9,0.0,0,19.6,36.0,45,33.2833,-8.3333,Morocco,MA,Casablanca-Settat,,42098,42098
Azemmour,33.2833,-8.3333,2026-09-17,26.1,18.1,0.0,0,14.8,27.0,3,33.2833,-8.3333,Morocco,MA,Casablanca-Settat,,42098,42098
Azemmour,33.2833,-8.3333,2026-09-18,25.9,17.5,0.0,0,20.3,36.7,45,33.2833,-8.3333,Morocco,MA,Casablanca-Settat,,42098,42098
Azemmour,33.2833,-8.3333,2026-09-19,27.1,19.7,0.0,2,18.4,34.9,3,33.2833,-8.3333,Morocco,MA,Casablanca-Settat,,42098,42098
Azemmour,33.2833,-8.3333,2026-09-20,29.2,21.1,0.0,0,17.3,32.8,45,33.2833,-8.3333,Morocco,MA,Casablanca-Settat,,42098,42098
Aziylal,31.96,-6.56,2026-09-14,31.7,19.5,1.2,15,18.9,41.0,61,31.96,-6.56,Morocco,MA,Béni Mellal-Khénifra,,48138,48138
Aziylal,31.96,-6.56,2026-09-15,29.8,19.8,0.0,8,21.9,45.7,3,31.96,-6.56,Morocco,MA,Béni Mellal-Khénifra,,48138,48138
Aziylal,31.96,-6.56,2026-09-16,26.6,15.5,0.0,0,18.0,37.8,0,31.96,-6.56,Morocco,MA,Béni Mellal-Khénifra,,48138,48138
Aziylal,31.96,-6.56,2026-09-17,25.5,15.1,0.0,19,17.3,36.4,3,31.96,-6.56,Morocco,MA,Béni Mellal-Khénifra,,48138,48138
Aziylal,31.96,-6.56,2026-09-18,26.3,14.3,0.0,33,15.6,33.1,3,31.96,-6.56,Morocco,MA,Béni Mellal-Khénifra,,48138,48138
Aziylal,31.96,-6.56,2026-09-19,27.8,18.3,9.3,16,15.0,32.0,63,31.96,-6.56,Morocco,MA,Béni Mellal-Khénifra,,48138,48138
Aziylal,31.96,-6.56,2026-09-20,28.8,16.9,0.0,15,12.3,32.8,3,31.96,-6.56,Morocco,MA,Béni Mellal-Khénifra,,48138,48138
Azrou,33.4344,-5.2213,2026-09-14,31.7,18.9,0.0,20,15.4,49.3,3,33.4344,-5.2213,Morocco,MA,Fès-Meknès,,81350,81350
Azrou,33.4344,-5.2213,2026-09-15,30.1,18.7,0.0,3,19.5,42.1,3,33.4344,-5.2213,Morocco,MA,Fès-Meknès,,81350,81350
Azrou,33.4344,-5.2213,2026-09-16,26.0,14.7,0.0,0,14.8,35.3,2,33.4344,-5.2213,Morocco,MA,Fès-Meknès,,81350,81350
Azrou,33.4344,-5.2213,2026-09-17,24.8,15.4,0.0,15,13.9,34.9,3,33.4344,-5.2213,Morocco,MA,Fès-Meknès,,81350,81350
Azrou,33.4344,-5.2213,2026-09-18,26.6,12.9,0.0,25,12.7,31.3,3,33.4344,-5.2213,Morocco,MA,Fès-Meknès,,81350,81350
Azrou,33.4344,-5.2213,2026-09-19,28.7,18.4,0.3,13,11.6,37.9,3,33.4344,-5.2213,Morocco,MA,Fès-Meknès,,81350,81350
Azrou,33.4344,-5.2213,2026-09-20,30.7,18.9,0.0,13,12.3,46.8,2,33.4344,-5.2213,Morocco,MA,Fès-Meknès,,81350,81350
Aïn Harrouda,33.6372,-7.4483,2026-09-14,33.9,23.4,0.0,0,11.6,30.2,1,33.6372,-7.4483,Morocco,MA,Casablanca-Settat,,60804,60804
Aïn Harrouda,33.6372,-7.4483,2026-09-15,28.4,21.4,0.0,0,13.7,35.3,45,33.6372,-7.4483,Morocco,MA,Casablanca-Settat,,60804,60804
Aïn Harrouda,33.6372,-7.4483,2026-09-16,26.0,20.5,0.0,0,15.9,40.7,3,33.6372,-7.4483,Morocco,MA,Casablanca-Settat,,60804,60804
Aïn Harrouda,33.6372,-7.4483,2026-09-17,26.2,19.3,0.0,0,13.8,36.4,3,33.6372,-7.4483,Morocco,MA,Casablanca-Settat,,60804,60804
Aïn Harrouda,33.6372,-7.4483,2026-09-18,26.1,16.9,0.0,3,15.6,39.6,45,33.6372,-7.4483,Morocco,MA,Casablanca-Settat,,60804,60804
Aïn Harrouda,33.6372,-7.4483,2026-09-19,27.6,19.0,0.0,3,14.0,32.0,45,33.6372,-7.4483,Morocco,MA,Casablanca-Settat,,60804,60804
Aïn Harrouda,33.6372,-7.4483,2026-09-20,30.1,21.2,0.0,0,14.0,32.8,0,33.6372,-7.4483,Morocco,MA,Casablanca-Settat,,60804,60804
Aïn Taoujdat,33.9333,-5.2167,2026-09-14,37.2,22.1,0.0,3,16.4,31.7,3,33.9333,-5.2167,Morocco,MA,Fès-Meknès,,33055,33055
Aïn Taoujdat,33.9333,-5.2167,2026-09-15,34.6,22.0,0.0,0,18.2,38.5,3,33.9333,-5.2167,Morocco,MA,Fès-Meknès,,33055,33055
Aïn Taoujdat,33.9333,-5.2167,2026-09-16,31.1,20.3,0.0,0,19.0,36.7,1,33.9333,-5.2167,Morocco,MA,Fès-Meknès,,33055,33055
Aïn Taoujdat,33.9333,-5.2167,2026-09-17,26.4,17.6,0.0,5,15.1,28.8,45,33.9333,-5.2167,Morocco,MA,Fès-Meknès,,33055,33055
Aïn Taoujdat,33.9333,-5.2167,2026-09-18,30.7,16.5,0.0,13,14.2,28.4,3,33.9333,-5.2167,Morocco,MA,Fès-Meknès,,33055,33055
Aïn Taoujdat,33.9333,-5.2167,2026-09-19,36.3,19.2,0.3,5,13.5,26.3,3,33.9333,-5.2167,Morocco,MA,Fès-Meknès,,33055,33055
Aïn Taoujdat,33.9333,-5.2167,2026-09-20,37.9,21.3,0.0,5,17.9,33.8,1,33.9333,-5.2167,Morocco,MA,Fès-Meknès,,33055,33055
Barrechid,33.27,-7.5872,2026-09-14,39.9,24.0,0.0,0,22.6,41.0,2,33.27,-7.5872,Morocco,MA,Casablanca-Settat,,168687,168687
Barrechid,33.27,-7.5872,2026-09-15,34.8,20.7,0.0,0,21.7,39.2,1,33.27,-7.5872,Morocco,MA,Casablanca-Settat,,168687,168687
Barrechid,33.27,-7.5872,2026-09-16,28.8,18.7,0.0,0,21.0,37.4,2,33.27,-7.5872,Morocco,MA,Casablanca-Settat,,168687,168687
Barrechid,33.27,-7.5872,2026-09-17,27.3,17.7,0.0,2,16.8,30.2,3,33.27,-7.5872,Morocco,MA,Casablanca-Settat,,168687,168687
Barrechid,33.27,-7.5872,2026-09-18,29.3,16.0,0.0,3,20.2,37.4,45,33.27,-7.5872,Morocco,MA,Casablanca-Settat,,168687,168687
Barrechid,33.27,-7.5872,2026-09-19,33.0,18.0,0.0,5,19.9,36.0,45,33.27,-7.5872,Morocco,MA,Casablanca-Settat,,168687,168687
Barrechid,33.27,-7.5872,2026-09-20,37.0,20.9,0.0,5,19.8,38.2,3,33.27,-7.5872,Morocco,MA,Casablanca-Settat,,168687,168687
Ben Guerir,32.23,-7.95,2026-09-14,39.6,26.3,0.0,0,21.1,44.3,3,32.23,-7.95,Morocco,MA,Marrakech-Safi,,114872,114872
Ben Guerir,32.23,-7.95,2026-09-15,36.9,24.5,0.0,0,23.9,48.6,3,32.23,-7.95,Morocco,MA,Marrakech-Safi,,114872,114872
Ben Guerir,32.23,-7.95,2026-09-16,32.5,19.5,0.0,0,22.2,44.3,0,32.23,-7.95,Morocco,MA,Marrakech-Safi,,114872,114872
Ben Guerir,32.23,-7.95,2026-09-17,28.5,16.7,0.0,0,16.3,33.1,2,32.23,-7.95,Morocco,MA,Marrakech-Safi,,114872,114872
Ben Guerir,32.23,-7.95,2026-09-18,30.9,16.6,0.0,5,16.3,33.5,1,32.23,-7.95,Morocco,MA,Marrakech-Safi,,114872,114872
Ben Guerir,32.23,-7.95,2026-09-19,35.7,18.4,0.9,17,9.0,32.0,80,32.23,-7.95,Morocco,MA,Marrakech-Safi,,114872,114872
Ben Guerir,32.23,-7.95,2026-09-20,37.7,22.5,0.0,18,21.1,37.4,2,32.23,-7.95,Morocco,MA,Marrakech-Safi,,114872,114872
Beni Yakhlef,33.6555,-7.3221,2026-09-14,36.0,23.9,0.0,0,16.5,30.6,1,33.6555,-7.3221,Morocco,MA,Casablanca-Settat,,117653,117653
Beni Yakhlef,33.6555,-7.3221,2026-09-15,29.8,20.2,0.0,0,18.5,34.2,45,33.6555,-7.3221,Morocco,MA,Casablanca-Settat,,117653,117653
Beni Yakhlef,33.6555,-7.3221,2026-09-16,26.5,19.4,0.0,0,20.4,37.8,3,33.6555,-7.3221,Morocco,MA,Casablanca-Settat,,117653,117653
Beni Yakhlef,33.6555,-7.3221,2026-09-17,26.6,18.5,0.0,0,16.4,31.0,3,33.6555,-7.3221,Morocco,MA,Casablanca-Settat,,117653,117653
Beni Yakhlef,33.6555,-7.3221,2026-09-18,27.0,15.6,0.0,3,20.6,38.5,45,33.6555,-7.3221,Morocco,MA,Casablanca-Settat,,117653,117653
Beni Yakhlef,33.6555,-7.3221,2026-09-19,29.5,18.2,0.0,3,17.5,32.8,45,33.6555,-7.3221,Morocco,MA,Casablanca-Settat,,117653,117653
Beni Yakhlef,33.6555,-7.3221,2026-09-20,33.1,20.7,0.0,0,19.1,36.4,0,33.6555,-7.3221,Morocco,MA,Casablanca-Settat,,117653,117653
Berkane,34.9167,-2.3167,2026-09-14,27.1,18.8,0.0,0,16.0,33.5,2,34.9167,-2.3167,Morocco,MA,Oriental,,99069,99069
Berkane,34.9167,-2.3167,2026-09-15,26.8,17.5,0.0,0,12.6,27.7,3,34.9167,-2.3167,Morocco,MA,Oriental,,99069,99069
Berkane,34.9167,-2.3167,2026-09-16,31.4,16.5,0.0,0,13.0,28.8,1,34.9167,-2.3167,Morocco,MA,Oriental,,99069,99069
Berkane,34.9167,-2.3167,2026-09-17,26.6,20.0,0.0,8,15.8,35.6,3,34.9167,-2.3167,Morocco,MA,Oriental,,99069,99069
Berkane,34.9167,-2.3167,2026-09-18,26.4,17.7,0.0,10,17.7,39.2,3,34.9167,-2.3167,Morocco,MA,Oriental,,99069,99069
Berkane,34.9167,-2.3167,2026-09-19,28.0,19.1,0.0,6,13.6,25.2,3,34.9167,-2.3167,Morocco,MA,Oriental,,99069,99069
Berkane,34.9167,-2.3167,2026-09-20,28.2,19.9,0.0,3,12.2,23.4,2,34.9167,-2.3167,Morocco,MA,Oriental,,99069,99069
Biougra,30.2144,-9.3708,2026-09-14,40.6,27.6,0.0,5,22.3,38.2,3,30.2144,-9.3708,Morocco,MA,Souss-Massa,,50626,50626
Biougra,30.2144,-9.3708,2026-09-15,36.7,25.5,0.8,5,21.7,34.9,80,30.2144,-9.3708,Morocco,MA,Souss-Massa,,50626,50626
Biougra,30.2144,-9.3708,2026-09-16,32.2,22.9,0.0,0,33.4,55.1,1,30.2144,-9.3708,Morocco,MA,Souss-Massa,,50626,50626
Biougra,30.2144,-9.3708,2026-09-17,27.4,20.5,0.0,2,31.6,52.2,2,30.2144,-9.3708,Morocco,MA,Souss-Massa,,50626,50626
Biougra,30.2144,-9.3708,2026-09-18,27.7,20.0,0.0,5,25.7,42.8,2,30.2144,-9.3708,Morocco,MA,Souss-Massa,,50626,50626
Biougra,30.2144,-9.3708,2026-09-19,32.4,19.3,0.0,3,20.2,33.5,2,30.2144,-9.3708,Morocco,MA,Souss-Massa,,50626,50626
Biougra,30.2144,-9.3708,2026-09-20,39.8,23.4,0.0,0,28.2,48.6,1,30.2144,-9.3708,Morocco,MA,Souss-Massa,,50626,50626
Bir Jdid,33.3737,-8.0002,2026-09-14,33.6,22.4,0.0,0,14.9,28.8,1,33.3737,-8.0002,Morocco,MA,Casablanca-Settat,,30247,30247
Bir Jdid,33.3737,-8.0002,2026-09-15,29.0,20.6,0.0,0,17.3,33.5,45,33.3737,-8.0002,Morocco,MA,Casablanca-Settat,,30247,30247
Bir Jdid,33.3737,-8.0002,2026-09-16,25.9,19.7,0.0,0,19.8,37.8,45,33.3737,-8.0002,Morocco,MA,Casablanca-Settat,,30247,30247
Bir Jdid,33.3737,-8.0002,2026-09-17,25.9,18.3,0.0,0,16.6,32.0,3,33.3737,-8.0002,Morocco,MA,Casablanca-Settat,,30247,30247
Bir Jdid,33.3737,-8.0002,2026-09-18,26.0,17.2,0.0,3,21.3,41.4,2,33.3737,-8.0002,Morocco,MA,Casablanca-Settat,,30247,30247
Bir Jdid,33.3737,-8.0002,2026-09-19,27.9,19.0,0.0,3,19.5,37.1,45,33.3737,-8.0002,Morocco,MA,Casablanca-Settat,,30247,30247
Bir Jdid,33.3737,-8.0002,2026-09-20,30.9,20.1,0.0,0,17.9,35.6,45,33.3737,-8.0002,Morocco,MA,Casablanca-Settat,,30247,30247
Bou Arfa,32.531,-1.9631,2026-09-14,34.1,21.5,0.1,5,17.2,29.9,3,32.531,-1.9631,Morocco,MA,Oriental,,30068,30068
Bou Arfa,32.531,-1.9631,2026-09-15,32.2,20.0,0.1,15,20.3,31.7,3,32.531,-1.9631,Morocco,MA,Oriental,,30068,30068
Bou Arfa,32.531,-1.9631,2026-09-16,29.3,20.2,0.0,3,15.6,24.8,3,32.531,-1.9631,Morocco,MA,Oriental,,30068,30068
Bou Arfa,32.531,-1.9631,2026-09-17,30.3,17.5,0.0,25,21.8,33.8,3,32.531,-1.9631,Morocco,MA,Oriental,,30068,30068
Bou Arfa,32.531,-1.9631,2026-09-18,29.3,17.9,0.0,28,16.1,23.8,3,32.531,-1.9631,Morocco,MA,Oriental,,30068,30068
Bou Arfa,32.531,-1.9631,2026-09-19,32.1,20.2,0.0,13,11.4,22.0,3,32.531,-1.9631,Morocco,MA,Oriental,,30068,30068
Bou Arfa,32.531,-1.9631,2026-09-20,31.5,18.8,0.0,10,13.8,19.8,3,32.531,-1.9631,Morocco,MA,Oriental,,30068,30068
Boujad,32.7741,-6.3925,2026-09-14,38.5,21.8,0.0,5,10.2,18.0,3,32.7741,-6.3925,Morocco,MA,Béni Mellal-Khénifra,,47209,47209
Boujad,32.7741,-6.3925,2026-09-15,36.7,22.9,0.0,0,22.1,40.0,3,32.7741,-6.3925,Morocco,MA,Béni Mellal-Khénifra,,47209,47209
Boujad,32.7741,-6.3925,2026-09-16,32.6,17.7,0.0,0,21.5,41.8,1,32.7741,-6.3925,Morocco,MA,Béni Mellal-Khénifra,,47209,47209
Boujad,32.7741,-6.3925,2026-09-17,31.0,16.6,0.0,3,16.3,33.5,3,32.7741,-6.3925,Morocco,MA,Béni Mellal-Khénifra,,47209,47209
Boujad,32.7741,-6.3925,2026-09-18,32.4,16.0,0.0,15,18.0,36.7,3,32.7741,-6.3925,Morocco,MA,Béni Mellal-Khénifra,,47209,47209
Boujad,32.7741,-6.3925,2026-09-19,34.5,19.5,0.3,9,12.6,25.6,80,32.7741,-6.3925,Morocco,MA,Béni Mellal-Khénifra,,47209,47209
Boujad,32.7741,-6.3925,2026-09-20,36.4,20.8,0.0,3,13.7,35.3,2,32.7741,-6.3925,Morocco,MA,Béni Mellal-Khénifra,,47209,47209
Bouknadel,34.1766,-6.6893,2026-09-14,31.0,22.4,0.0,0,9.7,18.0,0,34.1766,-6.6893,Morocco,MA,Rabat-Salé-Kénitra,,43598,43598
Bouknadel,34.1766,-6.6893,2026-09-15,26.0,21.2,0.0,0,16.9,29.5,45,34.1766,-6.6893,Morocco,MA,Rabat-Salé-Kénitra,,43598,43598
Bouknadel,34.1766,-6.6893,2026-09-16,25.1,20.7,0.0,0,21.2,36.7,2,34.1766,-6.6893,Morocco,MA,Rabat-Salé-Kénitra,,43598,43598
Bouknadel,34.1766,-6.6893,2026-09-17,25.0,18.7,0.0,2,14.4,26.3,3,34.1766,-6.6893,Morocco,MA,Rabat-Salé-Kénitra,,43598,43598
Bouknadel,34.1766,-6.6893,2026-09-18,25.5,17.7,0.0,3,18.4,31.7,45,34.1766,-6.6893,Morocco,MA,Rabat-Salé-Kénitra,,43598,43598
Bouknadel,34.1766,-6.6893,2026-09-19,29.1,17.2,0.0,0,13.7,32.4,3,34.1766,-6.6893,Morocco,MA,Rabat-Salé-Kénitra,,43598,43598
Bouknadel,34.1766,-6.6893,2026-09-20,33.6,19.9,0.0,0,16.1,36.0,0,34.1766,-6.6893,Morocco,MA,Rabat-Salé-Kénitra,,43598,43598
Bouskoura,33.4489,-7.6486,2026-09-14,37.0,24.2,0.0,0,15.5,38.5,2,33.4489,-7.6486,Morocco,MA,Casablanca-Settat,,200359,200359
Bouskoura,33.4489,-7.6486,2026-09-15,31.3,20.7,0.0,0,16.1,39.2,45,33.4489,-7.6486,Morocco,MA,Casablanca-Settat,,200359,200359
Bouskoura,33.4489,-7.6486,2026-09-16,26.8,19.6,0.0,0,17.5,42.1,45,33.4489,-7.6486,Morocco,MA,Casablanca-Settat,,200359,200359
Bouskoura,33.4489,-7.6486,2026-09-17,26.5,18.8,0.0,2,14.0,35.6,3,33.4489,-7.6486,Morocco,MA,Casablanca-Settat,,200359,200359
Bouskoura,33.4489,-7.6486,2026-09-18,27.3,16.8,0.0,3,17.7,42.8,45,33.4489,-7.6486,Morocco,MA,Casablanca-Settat,,200359,200359
Bouskoura,33.4489,-7.6486,2026-09-19,27.8,19.0,0.0,2,13.1,34.9,45,33.4489,-7.6486,Morocco,MA,Casablanca-Settat,,200359,200359
Bouskoura,33.4489,-7.6486,2026-09-20,30.9,20.3,0.0,0,13.3,35.3,45,33.4489,-7.6486,Morocco,MA,Casablanca-Settat,,200359,200359
Béni Mellal,32.3394,-6.3608,2026-09-14,38.4,25.5,0.0,5,18.6,40.3,3,32.3394,-6.3608,Morocco,MA,Béni Mellal-Khénifra,admin,209594,209594
Béni Mellal,32.3394,-6.3608,2026-09-15,36.5,25.3,0.0,0,21.0,45.0,3,32.3394,-6.3608,Morocco,MA,Béni Mellal-Khénifra,admin,209594,209594
Béni Mellal,32.3394,-6.3608,2026-09-16,32.7,21.2,0.0,0,17.9,36.7,2,32.3394,-6.3608,Morocco,MA,Béni Mellal-Khénifra,admin,209594,209594
Béni Mellal,32.3394,-6.3608,2026-09-17,29.8,18.7,0.0,5,10.7,24.8,2,32.3394,-6.3608,Morocco,MA,Béni Mellal-Khénifra,admin,209594,209594
Béni Mellal,32.3394,-6.3608,2026-09-18,31.6,18.9,0.0,14,10.6,20.9,3,32.3394,-6.3608,Morocco,MA,Béni Mellal-Khénifra,admin,209594,209594
Béni Mellal,32.3394,-6.3608,2026-09-19,35.7,22.6,0.6,14,14.3,28.4,3,32.3394,-6.3608,Morocco,MA,Béni Mellal-Khénifra,admin,209594,209594
Béni Mellal,32.3394,-6.3608,2026-09-20,37.8,26.6,0.0,3,18.0,37.1,2,32.3394,-6.3608,Morocco,MA,Béni Mellal-Khénifra,admin,209594,209594
Cabo Bojador,26.1269,-14.4992,2026-09-14,32.7,22.3,0.0,0,29.1,44.6,0,26.1269,-14.4992,Morocco,MA,Laâyoune-Sakia El Hamra,,42651,42651
Cabo Bojador,26.1269,-14.4992,2026-09-15,34.4,24.8,0.0,0,30.9,49.7,0,26.1269,-14.4992,Morocco,MA,Laâyoune-Sakia El Hamra,,42651,42651
Cabo Bojador,26.1269,-14.4992,2026-09-16,28.7,22.0,0.0,0,27.5,50.0,0,26.1269,-14.4992,Morocco,MA,Laâyoune-Sakia El Hamra,,42651,42651
Cabo Bojador,26.1269,-14.4992,2026-09-17,25.5,20.8,0.0,0,32.3,58.3,3,26.1269,-14.4992,Morocco,MA,Laâyoune-Sakia El Hamra,,42651,42651
Cabo Bojador,26.1269,-14.4992,2026-09-18,24.8,19.6,0.0,0,24.6,47.5,3,26.1269,-14.4992,Morocco,MA,Laâyoune-Sakia El Hamra,,42651,42651
Cabo Bojador,26.1269,-14.4992,2026-09-19,25.1,19.1,0.0,0,21.6,41.8,1,26.1269,-14.4992,Morocco,MA,Laâyoune-Sakia El Hamra,,42651,42651
Cabo Bojador,26.1269,-14.4992,2026-09-20,28.7,19.3,0.0,0,28.7,49.0,0,26.1269,-14.4992,Morocco,MA,Laâyoune-Sakia El Hamra,,42651,42651
Casablanca,33.5992,-7.62,2026-09-14,32.3,23.6,0.0,0,10.3,29.5,1,33.5992,-7.62,Morocco,MA,Casablanca-Settat,admin,3950000,3215935
Casablanca,33.5992,-7.62,2026-09-15,28.0,21.7,0.0,0,11.9,33.1,45,33.5992,-7.62,Morocco,MA,Casablanca-Settat,admin,3950000,3215935
Casablanca,33.5992,-7.62,2026-09-16,25.6,20.9,0.0,0,14.6,38.2,2,33.5992,-7.62,Morocco,MA,Casablanca-Settat,admin,3950000,3215935
Casablanca,33.5992,-7.62,2026-09-17,25.6,19.7,0.0,2,12.5,34.2,3,33.5992,-7.62,Morocco,MA,Casablanca-Settat,admin,3950000,3215935
Casablanca,33.5992,-7.62,2026-09-18,25.4,18.2,0.0,3,14.8,38.5,2,33.5992,-7.62,Morocco,MA,Casablanca-Settat,admin,3950000,3215935
Casablanca,33.5992,-7.62,2026-09-19,28.6,19.8,0.0,2,13.1,34.9,45,33.5992,-7.62,Morocco,MA,Casablanca-Settat,admin,3950000,3215935
Casablanca,33.5992,-7.62,2026-09-20,31.7,21.1,0.0,0,13.3,35.3,45,33.5992,-7.62,Morocco,MA,Casablanca-Settat,admin,3950000,3215935
Chichaoua,31.5333,-8.7667,2026-09-14,40.3,23.8,0.0,0,30.6,49.3,3,31.5333,-8.7667,Morocco,MA,Marrakech-Safi,,38452,38452
Chichaoua,31.5333,-8.7667,2026-09-15,38.6,24.0,0.0,3,26.7,42.8,3,31.5333,-8.7667,Morocco,MA,Marrakech-Safi,,38452,38452
Chichaoua,31.5333,-8.7667,2026-09-16,34.3,21.1,0.0,0,25.6,41.4,0,31.5333,-8.7667,Morocco,MA,Marrakech-Safi,,38452,38452
Chichaoua,31.5333,-8.7667,2026-09-17,29.8,17.9,0.0,0,17.3,28.8,2,31.5333,-8.7667,Morocco,MA,Marrakech-Safi,,38452,38452
Chichaoua,31.5333,-8.7667,2026-09-18,31.5,17.9,0.0,8,17.5,30.2,2,31.5333,-8.7667,Morocco,MA,Marrakech-Safi,,38452,38452
Chichaoua,31.5333,-8.7667,2026-09-19,36.0,18.7,0.9,9,14.0,46.1,61,31.5333,-8.7667,Morocco,MA,Marrakech-Safi,,38452,38452
Chichaoua,31.5333,-8.7667,2026-09-20,37.3,21.8,0.0,10,10.2,19.8,3,31.5333,-8.7667,Morocco,MA,Marrakech-Safi,,38452,38452
Demnat,31.7311,-7.0361,2026-09-14,35.1,23.4,0.0,3,18.4,35.3,3,31.7311,-7.0361,Morocco,MA,Béni Mellal-Khénifra,,33635,33635
Demnat,31.7311,-7.0361,2026-09-15,33.7,21.5,0.0,5,21.1,39.6,3,31.7311,-7.0361,Morocco,MA,Béni Mellal-Khénifra,,33635,33635
Demnat,31.7311,-7.0361,2026-09-16,29.9,17.5,0.0,0,18.0,34.2,0,31.7311,-7.0361,Morocco,MA,Béni Mellal-Khénifra,,33635,33635
Demnat,31.7311,-7.0361,2026-09-17,26.3,15.0,0.0,3,13.5,26.3,1,31.7311,-7.0361,Morocco,MA,Béni Mellal-Khénifra,,33635,33635
Demnat,31.7311,-7.0361,2026-09-18,27.8,14.7,0.0,18,12.4,23.4,1,31.7311,-7.0361,Morocco,MA,Béni Mellal-Khénifra,,33635,33635
Demnat,31.7311,-7.0361,2026-09-19,31.2,16.1,0.3,14,13.4,36.0,3,31.7311,-7.0361,Morocco,MA,Béni Mellal-Khénifra,,33635,33635
Demnat,31.7311,-7.0361,2026-09-20,33.7,17.8,0.3,15,13.1,35.3,3,31.7311,-7.0361,Morocco,MA,Béni Mellal-Khénifra,,33635,33635
Douar Toulal,33.8951,-5.6021,2026-09-14,37.9,23.4,0.0,3,17.8,39.2,3,33.8951,-5.6021,Morocco,MA,Fès-Meknès,,26970,13852
Douar Toulal,33.8951,-5.6021,2026-09-15,34.5,21.4,0.0,0,18.1,40.0,3,33.8951,-5.6021,Morocco,MA,Fès-Meknès,,26970,13852
Douar Toulal,33.8951,-5.6021,2026-09-16,30.6,18.9,0.0,0,18.6,41.0,1,33.8951,-5.6021,Morocco,MA,Fès-Meknès,,26970,13852
Douar Toulal,33.8951,-5.6021,2026-09-17,26.6,17.6,0.0,4,14.5,32.8,3,33.8951,-5.6021,Morocco,MA,Fès-Meknès,,26970,13852
Douar Toulal,33.8951,-5.6021,2026-09-18,30.3,15.6,0.0,8,13.7,31.0,2,33.8951,-5.6021,Morocco,MA,Fès-Meknès,,26970,13852
Douar Toulal,33.8951,-5.6021,2026-09-19,35.1,19.0,0.0,5,9.5,32.4,3,33.8951,-5.6021,Morocco,MA,Fès-Meknès,,26970,13852
Douar Toulal,33.8951,-5.6021,2026-09-20,37.4,21.8,0.0,5,18.4,34.9,2,33.8951,-5.6021,Morocco,MA,Fès-Meknès,,26970,13852
El Aïoun,34.5726,-2.5127,2026-09-14,32.2,17.7,0.0,0,15.8,26.6,1,34.5726,-2.5127,Morocco,MA,Oriental,,40652,40652
El Aïoun,34.5726,-2.5127,2026-09-15,32.3,16.7,0.0,0,12.0,21.2,3,34.5726,-2.5127,Morocco,MA,Oriental,,40652,40652
El Aïoun,34.5726,-2.5127,2026-09-16,31.8,16.3,0.0,0,21.2,36.7,0,34.5726,-2.5127,Morocco,MA,Oriental,,40652,40652
El Aïoun,34.5726,-2.5127,2026-09-17,28.7,16.4,0.0,10,15.8,28.1,3,34.5726,-2.5127,Morocco,MA,Oriental,,40652,40652
El Aïoun,34.5726,-2.5127,2026-09-18,28.3,14.9,0.0,20,18.7,32.4,45,34.5726,-2.5127,Morocco,MA,Oriental,,40652,40652
El Aïoun,34.5726,-2.5127,2026-09-19,31.5,16.4,0.0,5,14.4,25.6,3,34.5726,-2.5127,Morocco,MA,Oriental,,40652,40652
El Aïoun,34.5726,-2.5127,2026-09-20,31.4,17.7,0.0,5,13.8,26.3,45,34.5726,-2.5127,Morocco,MA,Oriental,,40652,40652
El Hajeb,33.6928,-5.3711,2026-09-14,34.9,23.6,0.0,5,18.7,40.3,3,33.6928,-5.3711,Morocco,MA,Fès-Meknès,,41359,41359
El Hajeb,33.6928,-5.3711,2026-09-15,32.8,21.1,0.0,3,20.1,42.1,3,33.6928,-5.3711,Morocco,MA,Fès-Meknès,,41359,41359
El Hajeb,33.6928,-5.3711,2026-09-16,28.7,18.5,0.0,0,20.0,41.4,1,33.6928,-5.3711,Morocco,MA,Fès-Meknès,,41359,41359
El Hajeb,33.6928,-5.3711,2026-09-17,25.5,16.2,0.0,8,15.6,32.8,3,33.6928,-5.3711,Morocco,MA,Fès-Meknès,,41359,41359
El Hajeb,33.6928,-5.3711,2026-09-18,27.5,14.6,0.0,15,18.3,38.2,3,33.6928,-5.3711,Morocco,MA,Fès-Meknès,,41359,41359
El Hajeb,33.6928,-5.3711,2026-09-19,32.8,17.2,0.0,7,11.9,22.7,3,33.6928,-5.3711,Morocco,MA,Fès-Meknès,,41359,41359
El Hajeb,33.6928,-5.3711,2026-09-20,34.6,20.7,0.0,8,20.4,41.4,2,33.6928,-5.3711,Morocco,MA,Fès-Meknès,,41359,41359
El Jadid,33.2566,-8.5025,2026-09-14,29.8,21.0,0.0,0,13.3,24.1,1,33.2566,-8.5025,Morocco,MA,Casablanca-Settat,,237464,237464
El Jadid,33.2566,-8.5025,2026-09-15,26.6,21.5,0.0,0,16.6,29.9,45,33.2566,-8.5025,Morocco,MA,Casablanca-Settat,,237464,237464
El Jadid,33.2566,-8.5025,2026-09-16,25.0,20.9,0.0,0,19.7,35.6,2,33.2566,-8.5025,Morocco,MA,Casablanca-Settat,,237464,237464
El Jadid,33.2566,-8.5025,2026-09-17,25.1,19.5,0.0,0,15.2,27.0,3,33.2566,-8.5025,Morocco,MA,Casablanca-Settat,,237464,237464
El Jadid,33.2566,-8.5025,2026-09-18,24.4,19.0,0.0,0,19.0,35.3,45,33.2566,-8.5025,Morocco,MA,Casablanca-Settat,,237464,237464
El Jadid,33.2566,-8.5025,2026-09-19,27.0,20.5,0.0,2,18.4,34.9,3,33.2566,-8.5025,Morocco,MA,Casablanca-Settat,,237464,237464
El Jadid,33.2566,-8.5025,2026-09-20,29.2,21.1,0.0,0,17.3,32.8,45,33.2566,-8.5025,Morocco,MA,Casablanca-Settat,,237464,237464
El Kelaa des Srarhna,32.05,-7.4,2026-09-14,39.6,24.9,0.0,3,19.9,33.1,3,32.05,-7.4,Morocco,MA,Marrakech-Safi,,106418,106418
El Kelaa des Srarhna,32.05,-7.4,2026-09-15,37.7,24.2,0.0,3,22.3,38.2,3,32.05,-7.4,Morocco,MA,Marrakech-Safi,,106418,106418
El Kelaa des Srarhna,32.05,-7.4,2026-09-16,34.0,19.2,0.0,0,19.2,32.8,0,32.05,-7.4,Morocco,MA,Marrakech-Safi,,106418,106418
El Kelaa des Srarhna,32.05,-7.4,2026-09-17,30.1,17.0,0.0,5,15.5,26.6,2,32.05,-7.4,Morocco,MA,Marrakech-Safi,,106418,106418
El Kelaa des Srarhna,32.05,-7.4,2026-09-18,31.6,17.3,0.0,15,13.5,23.4,2,32.05,-7.4,Morocco,MA,Marrakech-Safi,,106418,106418
El Kelaa des Srarhna,32.05,-7.4,2026-09-19,35.1,18.5,0.6,10,12.2,31.7,80,32.05,-7.4,Morocco,MA,Marrakech-Safi,,106418,106418
El Kelaa des Srarhna,32.05,-7.4,2026-09-20,37.3,20.3,0.0,10,12.5,21.2,3,32.05,-7.4,Morocco,MA,Marrakech-Safi,,106418,106418
Errachidia,31.9319,-4.4244,2026-09-14,36.4,25.1,0.0,3,21.4,42.1,3,31.9319,-4.4244,Morocco,MA,Drâa-Tafilalet,admin,97687,97687
Errachidia,31.9319,-4.4244,2026-09-15,33.5,24.6,0.1,15,10.2,23.8,3,31.9319,-4.4244,Morocco,MA,Drâa-Tafilalet,admin,97687,97687
Errachidia,31.9319,-4.4244,2026-09-16,33.0,21.7,0.0,3,21.7,43.2,2,31.9319,-4.4244,Morocco,MA,Drâa-Tafilalet,admin,97687,97687
Errachidia,31.9319,-4.4244,2026-09-17,32.8,21.1,0.0,28,14.3,42.5,3,31.9319,-4.4244,Morocco,MA,Drâa-Tafilalet,admin,97687,97687
Errachidia,31.9319,-4.4244,2026-09-18,33.2,22.4,0.0,38,11.2,24.5,3,31.9319,-4.4244,Morocco,MA,Drâa-Tafilalet,admin,97687,97687
Errachidia,31.9319,-4.4244,2026-09-19,31.1,22.4,0.0,30,17.7,30.2,3,31.9319,-4.4244,Morocco,MA,Drâa-Tafilalet,admin,97687,97687
Errachidia,31.9319,-4.4244,2026-09-20,33.0,21.6,0.0,11,10.7,21.2,1,31.9319,-4.4244,Morocco,MA,Drâa-Tafilalet,admin,97687,97687
Essaouira,31.513,-9.7687,2026-09-14,33.1,22.6,0.0,0,15.9,29.9,2,31.513,-9.7687,Morocco,MA,Marrakech-Safi,,82962,82962
Essaouira,31.513,-9.7687,2026-09-15,27.3,21.3,0.0,0,25.1,46.8,2,31.513,-9.7687,Morocco,MA,Marrakech-Safi,,82962,82962
Essaouira,31.513,-9.7687,2026-09-16,24.2,19.4,0.0,0,36.0,66.2,1,31.513,-9.7687,Morocco,MA,Marrakech-Safi,,82962,82962
Essaouira,31.513,-9.7687,2026-09-17,24.0,18.6,0.0,0,27.7,50.4,1,31.513,-9.7687,Morocco,MA,Marrakech-Safi,,82962,82962
Essaouira,31.513,-9.7687,2026-09-18,23.5,18.5,0.0,5,30.1,54.7,1,31.513,-9.7687,Morocco,MA,Marrakech-Safi,,82962,82962
Essaouira,31.513,-9.7687,2026-09-19,30.6,18.4,0.0,5,18.9,35.3,3,31.513,-9.7687,Morocco,MA,Marrakech-Safi,,82962,82962
Essaouira,31.513,-9.7687,2026-09-20,37.7,24.7,0.0,0,14.2,30.2,2,31.513,-9.7687,Morocco,MA,Marrakech-Safi,,82962,82962
Fnidq,35.8414,-5.3587,2026-09-14,25.9,22.2,0.0,0,24.6,47.5,3,35.8414,-5.3587,Morocco,MA,Tanger-Tétouan-Al Hoceïma,,77250,77250
Fnidq,35.8414,-5.3587,2026-09-15,26.1,20.8,0.0,0,14.1,28.8,2,35.8414,-5.3587,Morocco,MA,Tanger-Tétouan-Al Hoceïma,,77250,77250
Fnidq,35.8414,-5.3587,2026-09-16,30.3,18.7,0.0,0,28.5,53.6,3,35.8414,-5.3587,Morocco,MA,Tanger-Tétouan-Al Hoceïma,,77250,77250
Fnidq,35.8414,-5.3587,2026-09-17,27.4,19.4,0.0,3,15.6,31.7,3,35.8414,-5.3587,Morocco,MA,Tanger-Tétouan-Al Hoceïma,,77250,77250
Fnidq,35.8414,-5.3587,2026-09-18,24.9,20.1,0.0,13,17.6,33.8,45,35.8414,-5.3587,Morocco,MA,Tanger-Tétouan-Al Hoceïma,,77250,77250
Fnidq,35.8414,-5.3587,2026-09-19,25.7,21.9,0.0,18,23.1,40.0,3,35.8414,-5.3587,Morocco,MA,Tanger-Tétouan-Al Hoceïma,,77250,77250
Fnidq,35.8414,-5.3587,2026-09-20,25.4,22.5,0.0,5,22.0,39.6,3,35.8414,-5.3587,Morocco,MA,Tanger-Tétouan-Al Hoceïma,,77250,77250
Fès,34.0433,-5.0033,2026-09-14,38.1,23.5,0.0,0,10.8,28.8,3,34.0433,-5.0033,Morocco,MA,Fès-Meknès,admin,1167842,1167842
Fès,34.0433,-5.0033,2026-09-15,35.2,23.9,0.0,0,15.1,38.2,3,34.0433,-5.0033,Morocco,MA,Fès-Meknès,admin,1167842,1167842
Fès,34.0433,-5.0033,2026-09-16,31.3,20.5,0.0,0,16.8,40.3,1,34.0433,-5.0033,Morocco,MA,Fès-Meknès,admin,1167842,1167842
Fès,34.0433,-5.0033,2026-09-17,27.7,18.7,0.0,3,12.2,33.5,3,34.0433,-5.0033,Morocco,MA,Fès-Meknès,admin,1167842,1167842
Fès,34.0433,-5.0033,2026-09-18,32.0,18.0,0.0,13,9.7,27.0,3,34.0433,-5.0033,Morocco,MA,Fès-Meknès,admin,1167842,1167842
Fès,34.0433,-5.0033,2026-09-19,37.4,21.2,0.0,5,9.8,26.7,3,34.0433,-5.0033,Morocco,MA,Fès-Meknès,admin,1167842,1167842
Fès,34.0433,-5.0033,2026-09-20,38.9,23.5,0.0,5,17.2,41.0,2,34.0433,-5.0033,Morocco,MA,Fès-Meknès,admin,1167842,1167842
Guelmim,28.9833,-10.0667,2026-09-14,38.5,26.8,0.3,41,21.8,40.0,51,28.9833,-10.0667,Morocco,MA,Guelmim-Oued Noun,admin,126729,126729
Guelmim,28.9833,-10.0667,2026-09-15,37.7,24.8,0.0,4,21.7,36.7,0,28.9833,-10.0667,Morocco,MA,Guelmim-Oued Noun,admin,126729,126729
Guelmim,28.9833,-10.0667,2026-09-16,37.4,21.1,0.0,0,33.4,54.7,0,28.9833,-10.0667,Morocco,MA,Guelmim-Oued Noun,admin,126729,126729
Guelmim,28.9833,-10.0667,2026-09-17,24.8,18.6,0.0,0,26.2,44.3,3,28.9833,-10.0667,Morocco,MA,Guelmim-Oued Noun,admin,126729,126729
Guelmim,28.9833,-10.0667,2026-09-18,27.3,18.7,0.0,0,22.4,40.3,3,28.9833,-10.0667,Morocco,MA,Guelmim-Oued Noun,admin,126729,126729
Guelmim,28.9833,-10.0667,2026-09-19,30.7,18.9,0.0,2,23.7,43.2,3,28.9833,-10.0667,Morocco,MA,Guelmim-Oued Noun,admin,126729,126729
Guelmim,28.9833,-10.0667,2026-09-20,36.7,20.7,0.0,2,20.9,37.1,0,28.9833,-10.0667,Morocco,MA,Guelmim-Oued Noun,admin,126729,126729
Guercif,34.23,-3.36,2026-09-14,32.2,19.5,0.0,0,24.4,45.7,1,34.23,-3.36,Morocco,MA,Oriental,,80703,80703
Guercif,34.23,-3.36,2026-09-15,33.3,18.8,0.0,0,23.0,42.1,3,34.23,-3.36,Morocco,MA,Oriental,,80703,80703
Guercif,34.23,-3.36,2026-09-16,34.3,18.5,0.0,3,25.6,47.5,2,34.23,-3.36,Morocco,MA,Oriental,,80703,80703
Guercif,34.23,-3.36,2026-09-17,31.2,20.4,0.0,10,26.5,48.6,3,34.23,-3.36,Morocco,MA,Oriental,,80703,80703
Guercif,34.23,-3.36,2026-09-18,30.2,18.2,0.0,15,27.8,52.6,3,34.23,-3.36,Morocco,MA,Oriental,,80703,80703
Guercif,34.23,-3.36,2026-09-19,32.0,19.7,0.0,10,27.0,45.7,3,34.23,-3.36,Morocco,MA,Oriental,,80703,80703
Guercif,34.23,-3.36,2026-09-20,33.0,20.5,0.0,10,26.5,46.8,2,34.23,-3.36,Morocco,MA,Oriental,,80703,80703
Imi-n-Tanout,31.177,-8.8504,2026-09-14,35.2,25.1,0.0,5,25.6,43.2,3,31.177,-8.8504,Morocco,MA,Marrakech-Safi,,25049,25049
Imi-n-Tanout,31.177,-8.8504,2026-09-15,34.3,24.6,0.0,3,24.8,43.2,3,31.177,-8.8504,Morocco,MA,Marrakech-Safi,,25049,25049
Imi-n-Tanout,31.177,-8.8504,2026-09-16,30.3,19.9,0.0,0,25.0,43.6,1,31.177,-8.8504,Morocco,MA,Marrakech-Safi,,25049,25049
Imi-n-Tanout,31.177,-8.8504,2026-09-17,25.6,16.4,0.0,0,17.4,30.6,45,31.177,-8.8504,Morocco,MA,Marrakech-Safi,,25049,25049
Imi-n-Tanout,31.177,-8.8504,2026-09-18,26.9,15.6,0.0,8,18.4,32.4,2,31.177,-8.8504,Morocco,MA,Marrakech-Safi,,25049,25049
Imi-n-Tanout,31.177,-8.8504,2026-09-19,31.5,18.5,2.1,17,11.6,24.5,3,31.177,-8.8504,Morocco,MA,Marrakech-Safi,,25049,25049
Imi-n-Tanout,31.177,-8.8504,2026-09-20,33.3,21.8,0.3,18,12.2,25.9,3,31.177,-8.8504,Morocco,MA,Marrakech-Safi,,25049,25049
Imzouren,35.1464,-3.8506,2026-09-14,29.3,19.3,0.0,0,14.1,25.9,0,35.1464,-3.8506,Morocco,MA,Tanger-Tétouan-Al Hoceïma,,34848,34848
Imzouren,35.1464,-3.8506,2026-09-15,26.5,19.1,0.0,0,12.3,22.3,3,35.1464,-3.8506,Morocco,MA,Tanger-Tétouan-Al Hoceïma,,34848,34848
Imzouren,35.1464,-3.8506,2026-09-16,29.0,19.9,0.0,5,11.8,21.6,1,35.1464,-3.8506,Morocco,MA,Tanger-Tétouan-Al Hoceïma,,34848,34848
Imzouren,35.1464,-3.8506,2026-09-17,25.9,19.6,0.0,8,14.4,26.6,3,35.1464,-3.8506,Morocco,MA,Tanger-Tétouan-Al Hoceïma,,34848,34848
Imzouren,35.1464,-3.8506,2026-09-18,26.3,18.7,0.0,8,16.2,30.2,3,35.1464,-3.8506,Morocco,MA,Tanger-Tétouan-Al Hoceïma,,34848,34848
Imzouren,35.1464,-3.8506,2026-09-19,30.2,19.3,0.0,1,12.0,23.4,3,35.1464,-3.8506,Morocco,MA,Tanger-Tétouan-Al Hoceïma,,34848,34848
Imzouren,35.1464,-3.8506,2026-09-20,30.7,20.9,0.0,0,11.7,23.4,3,35.1464,-3.8506,Morocco,MA,Tanger-Tétouan-Al Hoceïma,,34848,34848
Inezgane,30.3658,-9.5381,2026-09-14,38.4,25.5,0.0,3,12.0,35.3,3,30.3658,-9.5381,Morocco,MA,Souss-Massa,,137512,137512
Inezgane,30.3658,-9.5381,2026-09-15,32.0,24.2,0.3,3,11.9,32.4,3,30.3658,-9.5381,Morocco,MA,Souss-Massa,,137512,137512
Inezgane,30.3658,-9.5381,2026-09-16,31.6,21.7,0.0,0,15.5,41.0,1,30.3658,-9.5381,Morocco,MA,Souss-Massa,,137512,137512
Inezgane,30.3658,-9.5381,2026-09-17,26.1,20.4,0.0,0,14.4,37.8,2,30.3658,-9.5381,Morocco,MA,Souss-Massa,,137512,137512
Inezgane,30.3658,-9.5381,2026-09-18,25.1,19.5,0.0,5,14.4,39.2,2,30.3658,-9.5381,Morocco,MA,Souss-Massa,,137512,137512
Inezgane,30.3658,-9.5381,2026-09-19,38.0,20.3,0.0,5,16.3,40.0,3,30.3658,-9.5381,Morocco,MA,Souss-Massa,,137512,137512
Inezgane,30.3658,-9.5381,2026-09-20,40.4,25.5,0.0,0,16.9,38.5,1,30.3658,-9.5381,Morocco,MA,Souss-Massa,,137512,137512
Jerada,34.31,-2.16,2026-09-14,30.9,18.2,0.0,0,16.6,33.1,1,34.31,-2.16,Morocco,MA,Oriental,,41014,41014
Jerada,34.31,-2.16,2026-09-15,30.9,19.6,0.0,0,18.2,34.2,3,34.31,-2.16,Morocco,MA,Oriental,,41014,41014
Jerada,34.31,-2.16,2026-09-16,28.9,19.0,0.0,3,22.9,43.2,1,34.31,-2.16,Morocco,MA,Oriental,,41014,41014
Jerada,34.31,-2.16,2026-09-17,26.8,17.2,0.0,12,13.9,35.6,3,34.31,-2.16,Morocco,MA,Oriental,,41014,41014
Jerada,34.31,-2.16,2026-09-18,27.1,14.9,0.0,28,18.7,49.3,3,34.31,-2.16,Morocco,MA,Oriental,,41014,41014
Jerada,34.31,-2.16,2026-09-19,33.2,14.9,0.0,10,16.8,37.1,3,34.31,-2.16,Morocco,MA,Oriental,,41014,41014
Jerada,34.31,-2.16,2026-09-20,32.4,17.3,0.0,10,17.1,33.8,3,34.31,-2.16,Morocco,MA,Oriental,,41014,41014
Kenitra,34.25,-6.5833,2026-09-14,35.0,22.7,0.0,0,11.9,29.9,0,34.25,-6.5833,Morocco,MA,Rabat-Salé-Kénitra,,507736,507736
Kenitra,34.25,-6.5833,2026-09-15,28.6,21.1,0.0,0,13.9,34.2,45,34.25,-6.5833,Morocco,MA,Rabat-Salé-Kénitra,,507736,507736
Kenitra,34.25,-6.5833,2026-09-16,26.5,20.7,0.0,0,16.5,40.0,2,34.25,-6.5833,Morocco,MA,Rabat-Salé-Kénitra,,507736,507736
Kenitra,34.25,-6.5833,2026-09-17,26.5,18.3,0.0,2,12.3,33.1,3,34.25,-6.5833,Morocco,MA,Rabat-Salé-Kénitra,,507736,507736
Kenitra,34.25,-6.5833,2026-09-18,28.2,17.2,0.0,3,15.5,38.9,45,34.25,-6.5833,Morocco,MA,Rabat-Salé-Kénitra,,507736,507736
Kenitra,34.25,-6.5833,2026-09-19,29.1,17.0,0.0,0,13.7,32.4,3,34.25,-6.5833,Morocco,MA,Rabat-Salé-Kénitra,,507736,507736
Kenitra,34.25,-6.5833,2026-09-20,33.7,19.9,0.0,0,16.1,36.0,0,34.25,-6.5833,Morocco,MA,Rabat-Salé-Kénitra,,507736,507736
Khénifra,32.93,-5.66,2026-09-14,37.0,19.8,0.0,3,15.6,51.5,3,32.93,-5.66,Morocco,MA,Béni Mellal-Khénifra,,123738,123738
Khénifra,32.93,-5.66,2026-09-15,34.9,19.7,0.0,3,20.9,38.5,3,32.93,-5.66,Morocco,MA,Béni Mellal-Khénifra,,123738,123738
Khénifra,32.93,-5.66,2026-09-16,31.6,16.3,0.0,0,19.2,34.9,2,32.93,-5.66,Morocco,MA,Béni Mellal-Khénifra,,123738,123738
Khénifra,32.93,-5.66,2026-09-17,30.4,16.1,0.0,13,18.5,33.5,3,32.93,-5.66,Morocco,MA,Béni Mellal-Khénifra,,123738,123738
Khénifra,32.93,-5.66,2026-09-18,32.7,14.7,0.0,20,20.9,40.0,3,32.93,-5.66,Morocco,MA,Béni Mellal-Khénifra,,123738,123738
Khénifra,32.93,-5.66,2026-09-19,33.8,19.9,0.0,12,13.2,27.7,3,32.93,-5.66,Morocco,MA,Béni Mellal-Khénifra,,123738,123738
Khénifra,32.93,-5.66,2026-09-20,36.2,20.3,0.0,13,10.2,23.0,2,32.93,-5.66,Morocco,MA,Béni Mellal-Khénifra,,123738,123738
Kouribga,32.88,-6.9,2026-09-14,37.5,22.1,0.0,5,27.2,52.9,2,32.88,-6.9,Morocco,MA,Béni Mellal-Khénifra,,191807,191807
Kouribga,32.88,-6.9,2026-09-15,34.8,21.3,0.0,0,25.2,48.6,2,32.88,-6.9,Morocco,MA,Béni Mellal-Khénifra,,191807,191807
Kouribga,32.88,-6.9,2026-09-16,31.6,17.9,0.0,0,21.6,41.4,0,32.88,-6.9,Morocco,MA,Béni Mellal-Khénifra,,191807,191807
Kouribga,32.88,-6.9,2026-09-17,28.3,13.7,0.0,0,18.4,35.6,45,32.88,-6.9,Morocco,MA,Béni Mellal-Khénifra,,191807,191807
Kouribga,32.88,-6.9,2026-09-18,29.9,14.3,0.0,13,17.4,35.6,2,32.88,-6.9,Morocco,MA,Béni Mellal-Khénifra,,191807,191807
Kouribga,32.88,-6.9,2026-09-19,33.4,17.4,0.3,8,12.0,32.0,3,32.88,-6.9,Morocco,MA,Béni Mellal-Khénifra,,191807,191807
Kouribga,32.88,-6.9,2026-09-20,35.8,19.1,0.0,8,22.3,43.9,1,32.88,-6.9,Morocco,MA,Béni Mellal-Khénifra,,191807,191807
Ksar El Kebir,35.0,-5.9,2026-09-14,39.0,24.4,0.0,0,17.1,32.8,0,35.0,-5.9,Morocco,MA,Tanger-Tétouan-Al Hoceïma,,124701,124701
Ksar El Kebir,35.0,-5.9,2026-09-15,35.4,20.8,0.0,0,22.7,46.1,0,35.0,-5.9,Morocco,MA,Tanger-Tétouan-Al Hoceïma,,124701,124701
Ksar El Kebir,35.0,-5.9,2026-09-16,29.9,20.7,0.0,0,15.9,31.0,2,35.0,-5.9,Morocco,MA,Tanger-Tétouan-Al Hoceïma,,124701,124701
Ksar El Kebir,35.0,-5.9,2026-09-17,27.5,19.9,0.0,0,11.2,21.2,3,35.0,-5.9,Morocco,MA,Tanger-Tétouan-Al Hoceïma,,124701,124701
Ksar El Kebir,35.0,-5.9,2026-09-18,30.9,16.4,0.0,3,18.1,34.6,45,35.0,-5.9,Morocco,MA,Tanger-Tétouan-Al Hoceïma,,124701,124701
Ksar El Kebir,35.0,-5.9,2026-09-19,36.5,18.4,0.0,3,18.7,35.6,2,35.0,-5.9,Morocco,MA,Tanger-Tétouan-Al Hoceïma,,124701,124701
Ksar El Kebir,35.0,-5.9,2026-09-20,39.6,21.8,0.0,3,14.0,31.7,0,35.0,-5.9,Morocco,MA,Tanger-Tétouan-Al Hoceïma,,124701,124701
Larache,35.1833,-6.15,2026-09-14,35.9,22.0,0.0,0,13.1,24.8,0,35.1833,-6.15,Morocco,MA,Tanger-Tétouan-Al Hoceïma,,133731,133731
Larache,35.1833,-6.15,2026-09-15,29.8,19.5,0.0,0,25.3,48.6,0,35.1833,-6.15,Morocco,MA,Tanger-Tétouan-Al Hoceïma,,133731,133731
Larache,35.1833,-6.15,2026-09-16,26.7,18.7,0.0,0,18.1,33.8,2,35.1833,-6.15,Morocco,MA,Tanger-Tétouan-Al Hoceïma,,133731,133731
Larache,35.1833,-6.15,2026-09-17,26.1,18.9,0.0,0,14.4,27.4,45,35.1833,-6.15,Morocco,MA,Tanger-Tétouan-Al Hoceïma,,133731,133731
Larache,35.1833,-6.15,2026-09-18,27.4,15.3,0.0,0,16.8,33.1,45,35.1833,-6.15,Morocco,MA,Tanger-Tétouan-Al Hoceïma,,133731,133731
Larache,35.1833,-6.15,2026-09-19,30.6,18.5,0.0,3,14.8,28.1,2,35.1833,-6.15,Morocco,MA,Tanger-Tétouan-Al Hoceïma,,133731,133731
Larache,35.1833,-6.15,2026-09-20,36.0,20.0,0.0,3,18.2,33.8,2,35.1833,-6.15,Morocco,MA,Tanger-Tétouan-Al Hoceïma,,133731,133731
Laâyoune,27.15,-13.2,2026-09-14,41.1,25.7,0.2,12,31.1,57.2,51,27.15,-13.2,Morocco,MA,Laâyoune-Sakia El Hamra,,262791,262791
Laâyoune,27.15,-13.2,2026-09-15,40.2,25.9,0.0,0,27.8,53.6,1,27.15,-13.2,Morocco,MA,Laâyoune-Sakia El Hamra,,262791,262791
Laâyoune,27.15,-13.2,2026-09-16,36.0,22.0,0.0,0,28.8,55.4,0,27.15,-13.2,Morocco,MA,Laâyoune-Sakia El Hamra,,262791,262791
Laâyoune,27.15,-13.2,2026-09-17,28.8,21.5,0.0,0,28.5,54.7,3,27.15,-13.2,Morocco,MA,Laâyoune-Sakia El Hamra,,262791,262791
Laâyoune,27.15,-13.2,2026-09-18,28.0,19.0,0.0,6,26.1,51.8,2,27.15,-13.2,Morocco,MA,Laâyoune-Sakia El Hamra,,262791,262791
Laâyoune,27.15,-13.2,2026-09-19,29.0,18.3,0.0,0,20.8,43.2,3,27.15,-13.2,Morocco,MA,Laâyoune-Sakia El Hamra,,262791,262791
Laâyoune,27.15,-13.2,2026-09-20,32.4,18.6,0.0,0,22.1,47.2,0,27.15,-13.2,Morocco,MA,Laâyoune-Sakia El Hamra,,262791,262791
Lqoliaa,30.2942,-9.4544,2026-09-14,40.4,25.1,0.0,5,20.3,42.8,3,30.2942,-9.4544,Morocco,MA,Souss-Massa,,107133,107133
Lqoliaa,30.2942,-9.4544,2026-09-15,35.8,24.9,0.3,5,19.1,40.3,3,30.2942,-9.4544,Morocco,MA,Souss-Massa,,107133,107133
Lqoliaa,30.2942,-9.4544,2026-09-16,30.9,21.4,0.0,0,24.3,49.3,1,30.2942,-9.4544,Morocco,MA,Souss-Massa,,107133,107133
Lqoliaa,30.2942,-9.4544,2026-09-17,27.2,20.5,0.0,2,18.4,39.6,2,30.2942,-9.4544,Morocco,MA,Souss-Massa,,107133,107133
Lqoliaa,30.2942,-9.4544,2026-09-18,27.3,19.5,0.0,6,19.4,41.8,3,30.2942,-9.4544,Morocco,MA,Souss-Massa,,107133,107133
Lqoliaa,30.2942,-9.4544,2026-09-19,33.8,19.8,0.0,5,16.2,34.9,3,30.2942,-9.4544,Morocco,MA,Souss-Massa,,107133,107133
Lqoliaa,30.2942,-9.4544,2026-09-20,38.5,23.8,0.0,0,21.6,45.4,1,30.2942,-9.4544,Morocco,MA,Souss-Massa,,107133,107133
Marrakech,31.6295,-7.9811,2026-09-14,39.8,23.2,0.0,5,10.9,31.7,3,31.6295,-7.9811,Morocco,MA,Marrakech-Safi,admin,1085330,1002697
Marrakech,31.6295,-7.9811,2026-09-15,38.4,24.4,0.0,5,14.8,38.9,3,31.6295,-7.9811,Morocco,MA,Marrakech-Safi,admin,1085330,1002697
Marrakech,31.6295,-7.9811,2026-09-16,34.6,20.3,0.0,0,13.3,35.6,0,31.6295,-7.9811,Morocco,MA,Marrakech-Safi,admin,1085330,1002697
Marrakech,31.6295,-7.9811,2026-09-17,30.3,18.3,0.0,0,8.8,26.3,1,31.6295,-7.9811,Morocco,MA,Marrakech-Safi,admin,1085330,1002697
Marrakech,31.6295,-7.9811,2026-09-18,31.7,18.2,0.0,15,7.9,25.2,1,31.6295,-7.9811,Morocco,MA,Marrakech-Safi,admin,1085330,1002697
Marrakech,31.6295,-7.9811,2026-09-19,35.7,19.6,0.3,17,12.9,23.0,3,31.6295,-7.9811,Morocco,MA,Marrakech-Safi,admin,1085330,1002697
Marrakech,31.6295,-7.9811,2026-09-20,37.9,20.3,0.0,18,11.3,23.0,2,31.6295,-7.9811,Morocco,MA,Marrakech-Safi,admin,1085330,1002697
Martil,35.61,-5.27,2026-09-14,25.6,22.2,0.0,0,19.1,41.4,2,35.61,-5.27,Morocco,MA,Tanger-Tétouan-Al Hoceïma,,95896,95896
Martil,35.61,-5.27,2026-09-15,26.1,21.3,0.0,0,11.3,27.0,2,35.61,-5.27,Morocco,MA,Tanger-Tétouan-Al Hoceïma,,95896,95896
Martil,35.61,-5.27,2026-09-16,32.0,19.3,0.0,0,16.6,41.0,1,35.61,-5.27,Morocco,MA,Tanger-Tétouan-Al Hoceïma,,95896,95896
Martil,35.61,-5.27,2026-09-17,25.4,19.5,0.0,3,16.1,36.7,3,35.61,-5.27,Morocco,MA,Tanger-Tétouan-Al Hoceïma,,95896,95896
Martil,35.61,-5.27,2026-09-18,24.9,18.6,0.0,13,18.1,38.9,3,35.61,-5.27,Morocco,MA,Tanger-Tétouan-Al Hoceïma,,95896,95896
Martil,35.61,-5.27,2026-09-19,25.7,21.7,0.0,18,23.1,40.0,3,35.61,-5.27,Morocco,MA,Tanger-Tétouan-Al Hoceïma,,95896,95896
Martil,35.61,-5.27,2026-09-20,25.5,22.6,0.0,5,22.0,39.6,3,35.61,-5.27,Morocco,MA,Tanger-Tétouan-Al Hoceïma,,95896,95896
Mechraa Bel Ksiri,34.56,-5.95,2026-09-14,39.4,24.2,0.0,0,17.4,32.8,0,34.56,-5.95,Morocco,MA,Rabat-Salé-Kénitra,,32615,32615
Mechraa Bel Ksiri,34.56,-5.95,2026-09-15,34.6,20.6,0.0,0,19.5,37.1,0,34.56,-5.95,Morocco,MA,Rabat-Salé-Kénitra,,32615,32615
Mechraa Bel Ksiri,34.56,-5.95,2026-09-16,29.6,19.8,0.0,0,18.6,34.2,2,34.56,-5.95,Morocco,MA,Rabat-Salé-Kénitra,,32615,32615
Mechraa Bel Ksiri,34.56,-5.95,2026-09-17,27.7,19.0,0.0,0,12.4,23.8,3,34.56,-5.95,Morocco,MA,Rabat-Salé-Kénitra,,32615,32615
Mechraa Bel Ksiri,34.56,-5.95,2026-09-18,31.8,16.2,0.0,3,15.4,34.6,45,34.56,-5.95,Morocco,MA,Rabat-Salé-Kénitra,,32615,32615
Mechraa Bel Ksiri,34.56,-5.95,2026-09-19,36.2,18.7,0.0,0,19.6,36.4,3,34.56,-5.95,Morocco,MA,Rabat-Salé-Kénitra,,32615,32615
Mechraa Bel Ksiri,34.56,-5.95,2026-09-20,40.6,20.9,0.0,0,15.3,34.9,1,34.56,-5.95,Morocco,MA,Rabat-Salé-Kénitra,,32615,32615
Mediouna,33.4556,-7.5208,2026-09-14,38.5,23.9,0.0,0,19.0,33.8,2,33.4556,-7.5208,Morocco,MA,Casablanca-Settat,,34510,34510
Mediouna,33.4556,-7.5208,2026-09-15,32.6,20.3,0.0,0,19.0,33.8,45,33.4556,-7.5208,Morocco,MA,Casablanca-Settat,,34510,34510
Mediouna,33.4556,-7.5208,2026-09-16,27.8,19.2,0.0,0,19.8,35.3,45,33.4556,-7.5208,Morocco,MA,Casablanca-Settat,,34510,34510
Mediouna,33.4556,-7.5208,2026-09-17,27.1,18.2,0.0,2,15.0,28.4,3,33.4556,-7.5208,Morocco,MA,Casablanca-Settat,,34510,34510
Mediouna,33.4556,-7.5208,2026-09-18,27.8,16.2,0.0,3,20.2,37.4,45,33.4556,-7.5208,Morocco,MA,Casablanca-Settat,,34510,34510
Mediouna,33.4556,-7.5208,2026-09-19,27.6,18.4,0.0,5,13.1,34.9,45,33.4556,-7.5208,Morocco,MA,Casablanca-Settat,,34510,34510
Mediouna,33.4556,-7.5208,2026-09-20,30.7,20.1,0.0,5,13.3,35.3,45,33.4556,-7.5208,Morocco,MA,Casablanca-Settat,,34510,34510
Mehdya,34.2557,-6.6745,2026-09-14,33.3,22.5,0.0,0,10.0,24.5,0,34.2557,-6.6745,Morocco,MA,Rabat-Salé-Kénitra,,58558,58558
Mehdya,34.2557,-6.6745,2026-09-15,27.4,21.1,0.0,0,13.5,30.2,45,34.2557,-6.6745,Morocco,MA,Rabat-Salé-Kénitra,,58558,58558
Mehdya,34.2557,-6.6745,2026-09-16,26.2,20.8,0.0,0,17.3,37.4,2,34.2557,-6.6745,Morocco,MA,Rabat-Salé-Kénitra,,58558,58558
Mehdya,34.2557,-6.6745,2026-09-17,26.2,18.5,0.0,2,12.7,29.9,3,34.2557,-6.6745,Morocco,MA,Rabat-Salé-Kénitra,,58558,58558
Mehdya,34.2557,-6.6745,2026-09-18,27.4,17.5,0.0,3,16.6,36.4,45,34.2557,-6.6745,Morocco,MA,Rabat-Salé-Kénitra,,58558,58558
Mehdya,34.2557,-6.6745,2026-09-19,29.1,17.1,0.0,0,13.7,32.4,3,34.2557,-6.6745,Morocco,MA,Rabat-Salé-Kénitra,,58558,58558
Mehdya,34.2557,-6.6745,2026-09-20,33.7,19.9,0.0,0,16.1,36.0,0,34.2557,-6.6745,Morocco,MA,Rabat-Salé-Kénitra,,58558,58558
Meknès,33.8833,-5.55,2026-09-14,37.3,23.1,0.0,0,16.1,39.6,3,33.8833,-5.55,Morocco,MA,Fès-Meknès,,601000,601000
Meknès,33.8833,-5.55,2026-09-15,34.2,21.3,0.0,0,16.1,40.7,3,33.8833,-5.55,Morocco,MA,Fès-Meknès,,601000,601000
Meknès,33.8833,-5.55,2026-09-16,30.3,18.9,0.0,0,16.8,42.1,1,33.8833,-5.55,Morocco,MA,Fès-Meknès,,601000,601000
Meknès,33.8833,-5.55,2026-09-17,26.3,17.4,0.0,3,12.8,33.8,3,33.8833,-5.55,Morocco,MA,Fès-Meknès,,601000,601000
Meknès,33.8833,-5.55,2026-09-18,30.2,15.6,0.0,5,11.9,31.3,2,33.8833,-5.55,Morocco,MA,Fès-Meknès,,601000,601000
Meknès,33.8833,-5.55,2026-09-19,34.9,19.0,0.6,5,7.8,28.1,80,33.8833,-5.55,Morocco,MA,Fès-Meknès,,601000,601000
Meknès,33.8833,-5.55,2026-09-20,37.3,22.0,0.0,5,15.5,36.4,2,33.8833,-5.55,Morocco,MA,Fès-Meknès,,601000,601000
Midalt,32.68,-4.74,2026-09-14,30.5,17.0,0.0,18,29.2,51.1,3,32.68,-4.74,Morocco,MA,Drâa-Tafilalet,,62648,62648
Midalt,32.68,-4.74,2026-09-15,30.1,17.0,0.1,5,20.3,36.0,3,32.68,-4.74,Morocco,MA,Drâa-Tafilalet,,62648,62648
Midalt,32.68,-4.74,2026-09-16,26.9,17.2,0.0,0,25.3,46.1,2,32.68,-4.74,Morocco,MA,Drâa-Tafilalet,,62648,62648
Midalt,32.68,-4.74,2026-09-17,28.2,14.5,0.0,33,27.3,48.6,3,32.68,-4.74,Morocco,MA,Drâa-Tafilalet,,62648,62648
Midalt,32.68,-4.74,2026-09-18,26.9,13.4,0.0,25,19.6,35.6,3,32.68,-4.74,Morocco,MA,Drâa-Tafilalet,,62648,62648
Midalt,32.68,-4.74,2026-09-19,28.9,14.8,0.0,12,21.6,33.8,45,32.68,-4.74,Morocco,MA,Drâa-Tafilalet,,62648,62648
Midalt,32.68,-4.74,2026-09-20,30.4,13.7,0.0,5,15.8,26.3,3,32.68,-4.74,Morocco,MA,Drâa-Tafilalet,,62648,62648
Missour,33.05,-3.9908,2026-09-14,36.4,19.7,0.0,18,23.8,44.6,3,33.05,-3.9908,Morocco,MA,Fès-Meknès,,28408,28408
Missour,33.05,-3.9908,2026-09-15,35.5,19.7,0.1,18,22.8,42.8,3,33.05,-3.9908,Morocco,MA,Fès-Meknès,,28408,28408
Missour,33.05,-3.9908,2026-09-16,31.3,17.9,0.0,0,14.3,22.7,2,33.05,-3.9908,Morocco,MA,Fès-Meknès,,28408,28408
Missour,33.05,-3.9908,2026-09-17,33.2,17.9,0.0,28,33.4,56.9,3,33.05,-3.9908,Morocco,MA,Fès-Meknès,,28408,28408
Missour,33.05,-3.9908,2026-09-18,29.9,15.9,0.0,38,28.6,45.4,3,33.05,-3.9908,Morocco,MA,Fès-Meknès,,28408,28408
Missour,33.05,-3.9908,2026-09-19,33.1,17.6,0.0,21,13.8,25.9,3,33.05,-3.9908,Morocco,MA,Fès-Meknès,,28408,28408
Missour,33.05,-3.9908,2026-09-20,34.5,18.8,0.0,5,19.5,29.2,2,33.05,-3.9908,Morocco,MA,Fès-Meknès,,28408,28408
Mohammedia,33.6833,-7.3833,2026-09-14,31.3,22.8,0.0,0,11.3,26.6,1,33.6833,-7.3833,Morocco,MA,Casablanca-Settat,,194358,194358
Mohammedia,33.6833,-7.3833,2026-09-15,26.8,21.1,0.0,0,14.3,33.1,45,33.6833,-7.3833,Morocco,MA,Casablanca-Settat,,194358,194358
Mohammedia,33.6833,-7.3833,2026-09-16,25.3,20.7,0.0,0,16.7,38.5,2,33.6833,-7.3833,Morocco,MA,Casablanca-Settat,,194358,194358
Mohammedia,33.6833,-7.3833,2026-09-17,25.3,19.5,0.0,0,14.2,33.5,3,33.6833,-7.3833,Morocco,MA,Casablanca-Settat,,194358,194358
Mohammedia,33.6833,-7.3833,2026-09-18,25.0,17.1,0.0,3,15.9,37.8,3,33.6833,-7.3833,Morocco,MA,Casablanca-Settat,,194358,194358
Mohammedia,33.6833,-7.3833,2026-09-19,30.0,18.8,0.0,3,17.5,32.8,45,33.6833,-7.3833,Morocco,MA,Casablanca-Settat,,194358,194358
Mohammedia,33.6833,-7.3833,2026-09-20,33.6,21.2,0.0,0,19.1,36.4,0,33.6833,-7.3833,Morocco,MA,Casablanca-Settat,,194358,194358
Moulay Abdallah,33.1978,-8.5883,2026-09-14,32.6,21.8,0.0,0,15.8,24.8,2,33.1978,-8.5883,Morocco,MA,Casablanca-Settat,,103993,103993
Moulay Abdallah,33.1978,-8.5883,2026-09-15,28.3,21.6,0.0,0,19.9,31.7,45,33.1978,-8.5883,Morocco,MA,Casablanca-Settat,,103993,103993
Moulay Abdallah,33.1978,-8.5883,2026-09-16,25.8,21.1,0.0,0,22.2,35.6,2,33.1978,-8.5883,Morocco,MA,Casablanca-Settat,,103993,103993
Moulay Abdallah,33.1978,-8.5883,2026-09-17,25.7,19.2,0.0,0,17.0,26.6,3,33.1978,-8.5883,Morocco,MA,Casablanca-Settat,,103993,103993
Moulay Abdallah,33.1978,-8.5883,2026-09-18,25.8,18.9,0.0,0,21.8,35.6,45,33.1978,-8.5883,Morocco,MA,Casablanca-Settat,,103993,103993
Moulay Abdallah,33.1978,-8.5883,2026-09-19,27.6,20.4,0.0,2,19.6,36.7,45,33.1978,-8.5883,Morocco,MA,Casablanca-Settat,,103993,103993
Moulay Abdallah,33.1978,-8.5883,2026-09-20,30.3,21.1,0.0,0,18.9,35.3,45,33.1978,-8.5883,Morocco,MA,Casablanca-Settat,,103993,103993
Moulay Bousselham,34.8786,-6.2933,2026-09-14,33.6,21.1,0.0,0,15.2,25.6,0,34.8786,-6.2933,Morocco,MA,Rabat-Salé-Kénitra,,32643,32643
Moulay Bousselham,34.8786,-6.2933,2026-09-15,27.6,19.1,0.0,0,28.0,46.1,45,34.8786,-6.2933,Morocco,MA,Rabat-Salé-Kénitra,,32643,32643
Moulay Bousselham,34.8786,-6.2933,2026-09-16,25.2,19.4,0.0,0,18.2,30.2,45,34.8786,-6.2933,Morocco,MA,Rabat-Salé-Kénitra,,32643,32643
Moulay Bousselham,34.8786,-6.2933,2026-09-17,24.8,18.4,0.0,0,12.9,22.0,45,34.8786,-6.2933,Morocco,MA,Rabat-Salé-Kénitra,,32643,32643
Moulay Bousselham,34.8786,-6.2933,2026-09-18,25.3,15.6,0.0,3,19.7,32.8,45,34.8786,-6.2933,Morocco,MA,Rabat-Salé-Kénitra,,32643,32643
Moulay Bousselham,34.8786,-6.2933,2026-09-19,30.7,17.4,0.0,3,18.6,32.8,3,34.8786,-6.2933,Morocco,MA,Rabat-Salé-Kénitra,,32643,32643
Moulay Bousselham,34.8786,-6.2933,2026-09-20,35.9,20.1,0.0,3,19.5,35.3,0,34.8786,-6.2933,Morocco,MA,Rabat-Salé-Kénitra,,32643,32643
Mrirt,33.1654,-5.5634,2026-09-14,35.4,20.7,0.0,13,22.1,46.8,3,33.1654,-5.5634,Morocco,MA,Béni Mellal-Khénifra,,46285,46285
Mrirt,33.1654,-5.5634,2026-09-15,33.5,19.6,0.3,3,21.8,43.2,80,33.1654,-5.5634,Morocco,MA,Béni Mellal-Khénifra,,46285,46285
Mrirt,33.1654,-5.5634,2026-09-16,30.0,15.0,0.0,0,20.0,41.0,1,33.1654,-5.5634,Morocco,MA,Béni Mellal-Khénifra,,46285,46285
Mrirt,33.1654,-5.5634,2026-09-17,29.0,15.5,0.0,20,17.8,36.4,3,33.1654,-5.5634,Morocco,MA,Béni Mellal-Khénifra,,46285,46285
Mrirt,33.1654,-5.5634,2026-09-18,29.9,13.5,0.0,20,18.4,36.7,3,33.1654,-5.5634,Morocco,MA,Béni Mellal-Khénifra,,46285,46285
Mrirt,33.1654,-5.5634,2026-09-19,31.3,16.7,0.0,10,19.1,39.6,2,33.1654,-5.5634,Morocco,MA,Béni Mellal-Khénifra,,46285,46285
Mrirt,33.1654,-5.5634,2026-09-20,33.7,16.7,0.0,8,16.9,33.5,3,33.1654,-5.5634,Morocco,MA,Béni Mellal-Khénifra,,46285,46285
My Drarga,30.3805,-9.4763,2026-09-14,39.6,26.6,0.0,3,18.9,39.2,3,30.3805,-9.4763,Morocco,MA,Souss-Massa,,107621,107621
My Drarga,30.3805,-9.4763,2026-09-15,34.5,25.7,0.3,3,15.2,33.8,3,30.3805,-9.4763,Morocco,MA,Souss-Massa,,107621,107621
My Drarga,30.3805,-9.4763,2026-09-16,32.4,22.3,0.0,0,19.0,40.0,1,30.3805,-9.4763,Morocco,MA,Souss-Massa,,107621,107621
My Drarga,30.3805,-9.4763,2026-09-17,26.9,20.4,0.0,0,17.3,40.3,2,30.3805,-9.4763,Morocco,MA,Souss-Massa,,107621,107621
My Drarga,30.3805,-9.4763,2026-09-18,26.4,19.6,0.0,5,17.3,38.2,2,30.3805,-9.4763,Morocco,MA,Souss-Massa,,107621,107621
My Drarga,30.3805,-9.4763,2026-09-19,37.9,20.2,0.0,5,16.3,40.0,3,30.3805,-9.4763,Morocco,MA,Souss-Massa,,107621,107621
My Drarga,30.3805,-9.4763,2026-09-20,40.2,25.3,0.0,0,16.9,38.5,1,30.3805,-9.4763,Morocco,MA,Souss-Massa,,107621,107621
M’diq,35.68,-5.32,2026-09-14,25.4,22.0,0.0,0,19.1,41.4,2,35.68,-5.32,Morocco,MA,Tanger-Tétouan-Al Hoceïma,,67599,67599
M’diq,35.68,-5.32,2026-09-15,25.9,21.2,0.0,0,11.3,27.0,2,35.68,-5.32,Morocco,MA,Tanger-Tétouan-Al Hoceïma,,67599,67599
M’diq,35.68,-5.32,2026-09-16,31.8,19.1,0.0,0,16.6,41.0,1,35.68,-5.32,Morocco,MA,Tanger-Tétouan-Al Hoceïma,,67599,67599
M’diq,35.68,-5.32,2026-09-17,25.3,19.4,0.0,3,16.1,36.7,3,35.68,-5.32,Morocco,MA,Tanger-Tétouan-Al Hoceïma,,67599,67599
M’diq,35.68,-5.32,2026-09-18,24.7,18.5,0.0,8,18.1,38.9,3,35.68,-5.32,Morocco,MA,Tanger-Tétouan-Al Hoceïma,,67599,67599
M’diq,35.68,-5.32,2026-09-19,27.4,21.6,0.0,3,27.8,56.5,3,35.68,-5.32,Morocco,MA,Tanger-Tétouan-Al Hoceïma,,67599,67599
M’diq,35.68,-5.32,2026-09-20,27.0,23.2,0.0,5,26.5,62.3,3,35.68,-5.32,Morocco,MA,Tanger-Tétouan-Al Hoceïma,,67599,67599
Nador,35.1667,-2.9333,2026-09-14,26.2,23.2,0.0,0,14.2,32.8,2,35.1667,-2.9333,Morocco,MA,Oriental,,161726,161726
Nador,35.1667,-2.9333,2026-09-15,26.2,22.0,0.0,0,11.6,27.0,3,35.1667,-2.9333,Morocco,MA,Oriental,,161726,161726
Nador,35.1667,-2.9333,2026-09-16,29.8,20.8,0.0,0,8.6,24.8,2,35.1667,-2.9333,Morocco,MA,Oriental,,161726,161726
Nador,35.1667,-2.9333,2026-09-17,26.1,22.1,0.0,5,11.5,27.0,3,35.1667,-2.9333,Morocco,MA,Oriental,,161726,161726
Nador,35.1667,-2.9333,2026-09-18,25.3,21.5,0.3,13,13.5,32.4,3,35.1667,-2.9333,Morocco,MA,Oriental,,161726,161726
Nador,35.1667,-2.9333,2026-09-19,27.7,22.2,0.45,10,19.4,33.8,3,35.1667,-2.9333,Morocco,MA,Oriental,,161726,161726
Nador,35.1667,-2.9333,2026-09-20,27.5,22.5,0.0,3,18.6,33.8,45,35.1667,-2.9333,Morocco,MA,Oriental,,161726,161726
Oued Zem,32.8619,-6.5711,2026-09-14,37.6,23.0,0.0,10,19.7,43.2,3,32.8619,-6.5711,Morocco,MA,Béni Mellal-Khénifra,,93776,93776
Oued Zem,32.8619,-6.5711,2026-09-15,35.6,22.0,0.0,0,22.6,45.0,2,32.8619,-6.5711,Morocco,MA,Béni Mellal-Khénifra,,93776,93776
Oued Zem,32.8619,-6.5711,2026-09-16,32.1,17.4,0.0,0,20.6,41.0,1,32.8619,-6.5711,Morocco,MA,Béni Mellal-Khénifra,,93776,93776
Oued Zem,32.8619,-6.5711,2026-09-17,30.0,16.2,0.0,0,16.5,34.6,3,32.8619,-6.5711,Morocco,MA,Béni Mellal-Khénifra,,93776,93776
Oued Zem,32.8619,-6.5711,2026-09-18,31.1,14.6,0.0,25,16.5,38.2,3,32.8619,-6.5711,Morocco,MA,Béni Mellal-Khénifra,,93776,93776
Oued Zem,32.8619,-6.5711,2026-09-19,33.6,18.7,0.0,11,12.4,33.1,2,32.8619,-6.5711,Morocco,MA,Béni Mellal-Khénifra,,93776,93776
Oued Zem,32.8619,-6.5711,2026-09-20,35.4,19.4,0.0,3,16.1,40.3,2,32.8619,-6.5711,Morocco,MA,Béni Mellal-Khénifra,,93776,93776
Ouezzane,34.8,-5.6,2026-09-14,38.7,21.6,0.0,0,16.3,32.0,0,34.8,-5.6,Morocco,MA,Tanger-Tétouan-Al Hoceïma,,57737,57737
Ouezzane,34.8,-5.6,2026-09-15,35.3,20.3,0.0,0,18.3,36.7,0,34.8,-5.6,Morocco,MA,Tanger-Tétouan-Al Hoceïma,,57737,57737
Ouezzane,34.8,-5.6,2026-09-16,30.3,17.7,0.0,0,17.0,33.5,2,34.8,-5.6,Morocco,MA,Tanger-Tétouan-Al Hoceïma,,57737,57737
Ouezzane,34.8,-5.6,2026-09-17,26.8,17.7,0.0,0,11.6,22.7,3,34.8,-5.6,Morocco,MA,Tanger-Tétouan-Al Hoceïma,,57737,57737
Ouezzane,34.8,-5.6,2026-09-18,31.5,15.2,0.0,5,13.1,32.0,2,34.8,-5.6,Morocco,MA,Tanger-Tétouan-Al Hoceïma,,57737,57737
Ouezzane,34.8,-5.6,2026-09-19,37.1,17.0,0.0,5,15.5,29.9,3,34.8,-5.6,Morocco,MA,Tanger-Tétouan-Al Hoceïma,,57737,57737
Ouezzane,34.8,-5.6,2026-09-20,40.1,20.6,0.0,5,11.6,24.1,3,34.8,-5.6,Morocco,MA,Tanger-Tétouan-Al Hoceïma,,57737,57737
Oujda-Angad,34.6867,-1.9114,2026-09-14,30.0,17.5,0.0,0,17.1,36.4,1,34.6867,-1.9114,Morocco,MA,Oriental,admin,506224,506224
Oujda-Angad,34.6867,-1.9114,2026-09-15,30.5,15.9,0.0,0,17.1,35.3,3,34.6867,-1.9114,Morocco,MA,Oriental,admin,506224,506224
Oujda-Angad,34.6867,-1.9114,2026-09-16,32.1,14.9,0.0,0,19.2,40.3,0,34.6867,-1.9114,Morocco,MA,Oriental,admin,506224,506224
Oujda-Angad,34.6867,-1.9114,2026-09-17,28.0,16.8,0.0,13,16.7,40.0,3,34.6867,-1.9114,Morocco,MA,Oriental,admin,506224,506224
Oujda-Angad,34.6867,-1.9114,2026-09-18,27.0,16.3,0.0,33,19.3,42.1,45,34.6867,-1.9114,Morocco,MA,Oriental,admin,506224,506224
Oujda-Angad,34.6867,-1.9114,2026-09-19,31.5,17.4,0.0,7,18.8,33.8,45,34.6867,-1.9114,Morocco,MA,Oriental,admin,506224,506224
Oujda-Angad,34.6867,-1.9114,2026-09-20,31.5,19.2,0.0,8,20.9,37.4,2,34.6867,-1.9114,Morocco,MA,Oriental,admin,506224,506224
Oulad Barhil,30.6408,-8.475,2026-09-14,40.6,23.0,0.0,5,22.2,40.3,3,30.6408,-8.475,Morocco,MA,Souss-Massa,,30330,30330
Oulad Barhil,30.6408,-8.475,2026-09-15,39.8,24.1,0.0,5,32.8,63.7,3,30.6408,-8.475,Morocco,MA,Souss-Massa,,30330,30330
Oulad Barhil,30.6408,-8.475,2026-09-16,35.8,21.0,0.0,0,27.5,51.1,0,30.6408,-8.475,Morocco,MA,Souss-Massa,,30330,30330
Oulad Barhil,30.6408,-8.475,2026-09-17,30.2,17.5,0.0,3,31.3,56.9,1,30.6408,-8.475,Morocco,MA,Souss-Massa,,30330,30330
Oulad Barhil,30.6408,-8.475,2026-09-18,30.6,16.4,0.0,13,28.0,54.7,1,30.6408,-8.475,Morocco,MA,Souss-Massa,,30330,30330
Oulad Barhil,30.6408,-8.475,2026-09-19,35.8,18.1,0.6,6,23.5,40.3,3,30.6408,-8.475,Morocco,MA,Souss-Massa,,30330,30330
Oulad Barhil,30.6408,-8.475,2026-09-20,38.5,25.1,0.0,3,15.8,28.8,3,30.6408,-8.475,Morocco,MA,Souss-Massa,,30330,30330
Oulad Tayeb,33.9598,-4.9954,2026-09-14,37.7,22.7,0.0,0,14.8,29.2,3,33.9598,-4.9954,Morocco,MA,Fès-Meknès,,56352,56352
Oulad Tayeb,33.9598,-4.9954,2026-09-15,35.0,23.1,0.0,0,16.6,31.7,3,33.9598,-4.9954,Morocco,MA,Fès-Meknès,,56352,56352
Oulad Tayeb,33.9598,-4.9954,2026-09-16,31.1,20.5,0.0,0,17.3,32.4,1,33.9598,-4.9954,Morocco,MA,Fès-Meknès,,56352,56352
Oulad Tayeb,33.9598,-4.9954,2026-09-17,27.3,18.2,0.0,3,13.3,27.0,45,33.9598,-4.9954,Morocco,MA,Fès-Meknès,,56352,56352
Oulad Tayeb,33.9598,-4.9954,2026-09-18,31.4,17.6,0.0,13,14.0,27.0,3,33.9598,-4.9954,Morocco,MA,Fès-Meknès,,56352,56352
Oulad Tayeb,33.9598,-4.9954,2026-09-19,36.7,20.3,0.0,5,9.7,25.2,3,33.9598,-4.9954,Morocco,MA,Fès-Meknès,,56352,56352
Oulad Tayeb,33.9598,-4.9954,2026-09-20,38.2,22.8,0.0,5,17.2,41.0,2,33.9598,-4.9954,Morocco,MA,Fès-Meknès,,56352,56352
Oulad Teïma,30.4,-9.21,2026-09-14,41.9,24.5,0.0,5,23.8,44.3,3,30.4,-9.21,Morocco,MA,Souss-Massa,,100284,100284
Oulad Teïma,30.4,-9.21,2026-09-15,40.3,24.8,0.0,5,22.5,43.2,2,30.4,-9.21,Morocco,MA,Souss-Massa,,100284,100284
Oulad Teïma,30.4,-9.21,2026-09-16,34.6,21.3,0.0,0,27.3,51.5,0,30.4,-9.21,Morocco,MA,Souss-Massa,,100284,100284
Oulad Teïma,30.4,-9.21,2026-09-17,29.3,19.1,0.0,2,25.8,48.6,2,30.4,-9.21,Morocco,MA,Souss-Massa,,100284,100284
Oulad Teïma,30.4,-9.21,2026-09-18,29.2,18.1,0.0,3,24.3,46.4,1,30.4,-9.21,Morocco,MA,Souss-Massa,,100284,100284
Oulad Teïma,30.4,-9.21,2026-09-19,35.1,18.7,0.0,3,17.8,31.7,2,30.4,-9.21,Morocco,MA,Souss-Massa,,100284,100284
Oulad Teïma,30.4,-9.21,2026-09-20,40.4,24.3,0.0,0,28.8,50.0,2,30.4,-9.21,Morocco,MA,Souss-Massa,,100284,100284
Oulad Yaïch,32.4167,-6.3333,2026-09-14,40.4,24.0,0.0,5,25.2,52.2,3,32.4167,-6.3333,Morocco,MA,Béni Mellal-Khénifra,,25785,25785
Oulad Yaïch,32.4167,-6.3333,2026-09-15,38.8,24.9,0.0,0,20.2,36.0,3,32.4167,-6.3333,Morocco,MA,Béni Mellal-Khénifra,,25785,25785
Oulad Yaïch,32.4167,-6.3333,2026-09-16,34.8,20.5,0.0,0,17.2,33.1,0,32.4167,-6.3333,Morocco,MA,Béni Mellal-Khénifra,,25785,25785
Oulad Yaïch,32.4167,-6.3333,2026-09-17,32.0,17.8,0.0,2,14.8,26.3,3,32.4167,-6.3333,Morocco,MA,Béni Mellal-Khénifra,,25785,25785
Oulad Yaïch,32.4167,-6.3333,2026-09-18,33.8,17.9,0.0,13,5.6,13.7,3,32.4167,-6.3333,Morocco,MA,Béni Mellal-Khénifra,,25785,25785
Oulad Yaïch,32.4167,-6.3333,2026-09-19,35.8,21.9,0.6,10,14.3,28.4,3,32.4167,-6.3333,Morocco,MA,Béni Mellal-Khénifra,,25785,25785
Oulad Yaïch,32.4167,-6.3333,2026-09-20,37.8,26.7,0.0,10,18.0,37.1,2,32.4167,-6.3333,Morocco,MA,Béni Mellal-Khénifra,,25785,25785
Qasbat Tadla,32.6,-6.26,2026-09-14,40.3,21.3,0.0,5,23.9,45.4,3,32.6,-6.26,Morocco,MA,Béni Mellal-Khénifra,,48172,48172
Qasbat Tadla,32.6,-6.26,2026-09-15,38.6,21.5,0.0,0,20.2,37.1,3,32.6,-6.26,Morocco,MA,Béni Mellal-Khénifra,,48172,48172
Qasbat Tadla,32.6,-6.26,2026-09-16,34.5,18.0,0.0,0,17.7,38.5,1,32.6,-6.26,Morocco,MA,Béni Mellal-Khénifra,,48172,48172
Qasbat Tadla,32.6,-6.26,2026-09-17,32.2,17.0,0.0,3,10.8,24.5,3,32.6,-6.26,Morocco,MA,Béni Mellal-Khénifra,,48172,48172
Qasbat Tadla,32.6,-6.26,2026-09-18,34.0,15.9,0.0,13,14.3,25.2,3,32.6,-6.26,Morocco,MA,Béni Mellal-Khénifra,,48172,48172
Qasbat Tadla,32.6,-6.26,2026-09-19,36.4,19.6,0.3,10,11.3,28.1,3,32.6,-6.26,Morocco,MA,Béni Mellal-Khénifra,,48172,48172
Qasbat Tadla,32.6,-6.26,2026-09-20,38.6,18.6,0.0,10,12.6,25.6,1,32.6,-6.26,Morocco,MA,Béni Mellal-Khénifra,,48172,48172
Rabat,34.0211,-6.8414,2026-09-14,33.5,23.5,0.0,0,11.1,29.2,0,34.0211,-6.8414,Morocco,MA,Rabat-Salé-Kénitra,primary,572717,572717
Rabat,34.0211,-6.8414,2026-09-15,27.6,21.6,0.0,0,13.7,34.9,45,34.0211,-6.8414,Morocco,MA,Rabat-Salé-Kénitra,primary,572717,572717
Rabat,34.0211,-6.8414,2026-09-16,25.8,20.9,0.0,0,15.5,39.2,2,34.0211,-6.8414,Morocco,MA,Rabat-Salé-Kénitra,primary,572717,572717
Rabat,34.0211,-6.8414,2026-09-17,26.0,18.9,0.0,0,12.0,32.0,3,34.0211,-6.8414,Morocco,MA,Rabat-Salé-Kénitra,primary,572717,572717
Rabat,34.0211,-6.8414,2026-09-18,26.2,17.5,0.0,0,15.3,38.2,2,34.0211,-6.8414,Morocco,MA,Rabat-Salé-Kénitra,primary,572717,572717
Rabat,34.0211,-6.8414,2026-09-19,27.4,17.6,0.0,3,12.3,30.6,45,34.0211,-6.8414,Morocco,MA,Rabat-Salé-Kénitra,primary,572717,572717
Rabat,34.0211,-6.8414,2026-09-20,30.9,21.4,0.0,3,13.7,30.2,1,34.0211,-6.8414,Morocco,MA,Rabat-Salé-Kénitra,primary,572717,572717
Safi,32.2833,-9.2333,2026-09-14,34.1,24.7,0.0,0,17.6,32.4,3,32.2833,-9.2333,Morocco,MA,Marrakech-Safi,,367249,367249
Safi,32.2833,-9.2333,2026-09-15,33.1,23.1,0.0,0,25.1,43.9,1,32.2833,-9.2333,Morocco,MA,Marrakech-Safi,,367249,367249
Safi,32.2833,-9.2333,2026-09-16,26.7,20.4,0.0,0,28.5,50.0,2,32.2833,-9.2333,Morocco,MA,Marrakech-Safi,,367249,367249
Safi,32.2833,-9.2333,2026-09-17,24.7,18.8,0.0,0,19.6,34.2,2,32.2833,-9.2333,Morocco,MA,Marrakech-Safi,,367249,367249
Safi,32.2833,-9.2333,2026-09-18,25.8,18.3,0.0,3,23.7,43.6,2,32.2833,-9.2333,Morocco,MA,Marrakech-Safi,,367249,367249
Safi,32.2833,-9.2333,2026-09-19,31.2,19.1,0.0,3,18.8,34.6,3,32.2833,-9.2333,Morocco,MA,Marrakech-Safi,,367249,367249
Safi,32.2833,-9.2333,2026-09-20,37.2,22.5,0.0,0,20.6,38.5,1,32.2833,-9.2333,Morocco,MA,Marrakech-Safi,,367249,367249
Sale,34.05,-6.8167,2026-09-14,33.5,23.5,0.0,0,11.1,29.2,0,34.05,-6.8167,Morocco,MA,Rabat-Salé-Kénitra,,945101,945101
Sale,34.05,-6.8167,2026-09-15,27.6,21.5,0.0,0,13.7,34.9,45,34.05,-6.8167,Morocco,MA,Rabat-Salé-Kénitra,,945101,945101
Sale,34.05,-6.8167,2026-09-16,25.8,20.8,0.0,0,15.5,39.2,2,34.05,-6.8167,Morocco,MA,Rabat-Salé-Kénitra,,945101,945101
Sale,34.05,-6.8167,2026-09-17,25.9,18.8,0.0,0,12.0,32.0,3,34.05,-6.8167,Morocco,MA,Rabat-Salé-Kénitra,,945101,945101
Sale,34.05,-6.8167,2026-09-18,26.2,17.4,0.0,0,15.3,38.2,2,34.05,-6.8167,Morocco,MA,Rabat-Salé-Kénitra,,945101,945101
Sale,34.05,-6.8167,2026-09-19,27.4,17.6,0.0,3,12.3,30.6,45,34.05,-6.8167,Morocco,MA,Rabat-Salé-Kénitra,,945101,945101
Sale,34.05,-6.8167,2026-09-20,30.8,21.3,0.0,3,13.7,30.2,1,34.05,-6.8167,Morocco,MA,Rabat-Salé-Kénitra,,945101,945101
Sebt Gzoula,32.1219,-9.0889,2026-09-14,40.7,27.8,0.0,0,23.0,43.6,3,32.1219,-9.0889,Morocco,MA,Marrakech-Safi,,24600,24600
Sebt Gzoula,32.1219,-9.0889,2026-09-15,37.8,24.0,0.0,0,24.8,45.4,2,32.1219,-9.0889,Morocco,MA,Marrakech-Safi,,24600,24600
Sebt Gzoula,32.1219,-9.0889,2026-09-16,30.8,20.4,0.0,0,21.6,40.0,2,32.1219,-9.0889,Morocco,MA,Marrakech-Safi,,24600,24600
Sebt Gzoula,32.1219,-9.0889,2026-09-17,27.3,18.1,0.0,0,17.5,33.1,2,32.1219,-9.0889,Morocco,MA,Marrakech-Safi,,24600,24600
Sebt Gzoula,32.1219,-9.0889,2026-09-18,30.6,18.0,0.0,3,20.4,36.7,2,32.1219,-9.0889,Morocco,MA,Marrakech-Safi,,24600,24600
Sebt Gzoula,32.1219,-9.0889,2026-09-19,32.1,19.0,0.0,3,17.1,31.7,3,32.1219,-9.0889,Morocco,MA,Marrakech-Safi,,24600,24600
Sebt Gzoula,32.1219,-9.0889,2026-09-20,38.3,22.7,0.0,3,19.6,38.2,1,32.1219,-9.0889,Morocco,MA,Marrakech-Safi,,24600,24600
Sefrou,33.83,-4.83,2026-09-14,34.5,24.7,0.0,0,17.7,38.9,3,33.83,-4.83,Morocco,MA,Fès-Meknès,,86903,86903
Sefrou,33.83,-4.83,2026-09-15,32.9,23.1,0.0,0,16.4,36.0,3,33.83,-4.83,Morocco,MA,Fès-Meknès,,86903,86903
Sefrou,33.83,-4.83,2026-09-16,29.1,18.4,0.0,0,18.4,40.0,1,33.83,-4.83,Morocco,MA,Fès-Meknès,,86903,86903
Sefrou,33.83,-4.83,2026-09-17,25.3,17.6,0.0,8,15.0,35.3,3,33.83,-4.83,Morocco,MA,Fès-Meknès,,86903,86903
Sefrou,33.83,-4.83,2026-09-18,28.4,16.6,0.0,23,16.5,36.0,3,33.83,-4.83,Morocco,MA,Fès-Meknès,,86903,86903
Sefrou,33.83,-4.83,2026-09-19,33.0,18.0,0.9,3,14.5,28.4,80,33.83,-4.83,Morocco,MA,Fès-Meknès,,86903,86903
Sefrou,33.83,-4.83,2026-09-20,34.9,19.8,0.0,3,21.0,42.1,2,33.83,-4.83,Morocco,MA,Fès-Meknès,,86903,86903
Semara,26.7394,-11.6703,2026-09-14,40.9,26.7,11.4,43,32.8,61.2,81,26.7394,-11.6703,Morocco,MA,Laâyoune-Sakia El Hamra,,57035,57035
Semara,26.7394,-11.6703,2026-09-15,35.9,23.6,0.0,7,12.2,25.2,0,26.7394,-11.6703,Morocco,MA,Laâyoune-Sakia El Hamra,,57035,57035
Semara,26.7394,-11.6703,2026-09-16,38.0,21.4,0.0,0,34.6,56.2,0,26.7394,-11.6703,Morocco,MA,Laâyoune-Sakia El Hamra,,57035,57035
Semara,26.7394,-11.6703,2026-09-17,31.2,19.6,0.0,0,28.6,48.6,3,26.7394,-11.6703,Morocco,MA,Laâyoune-Sakia El Hamra,,57035,57035
Semara,26.7394,-11.6703,2026-09-18,30.2,19.0,0.0,2,23.2,41.4,3,26.7394,-11.6703,Morocco,MA,Laâyoune-Sakia El Hamra,,57035,57035
Semara,26.7394,-11.6703,2026-09-19,31.6,17.9,0.0,0,15.5,33.5,3,26.7394,-11.6703,Morocco,MA,Laâyoune-Sakia El Hamra,,57035,57035
Semara,26.7394,-11.6703,2026-09-20,38.6,18.7,0.0,2,14.3,45.4,0,26.7394,-11.6703,Morocco,MA,Laâyoune-Sakia El Hamra,,57035,57035
Settat,33.0023,-7.6198,2026-09-14,39.8,23.7,0.0,0,23.3,49.3,2,33.0023,-7.6198,Morocco,MA,Casablanca-Settat,,171556,171556
Settat,33.0023,-7.6198,2026-09-15,35.6,22.1,0.0,0,23.8,49.7,2,33.0023,-7.6198,Morocco,MA,Casablanca-Settat,,171556,171556
Settat,33.0023,-7.6198,2026-09-16,29.7,19.0,0.0,0,20.4,41.4,2,33.0023,-7.6198,Morocco,MA,Casablanca-Settat,,171556,171556
Settat,33.0023,-7.6198,2026-09-17,27.1,17.1,0.0,2,16.6,35.3,3,33.0023,-7.6198,Morocco,MA,Casablanca-Settat,,171556,171556
Settat,33.0023,-7.6198,2026-09-18,30.0,15.7,0.0,5,18.2,41.0,45,33.0023,-7.6198,Morocco,MA,Casablanca-Settat,,171556,171556
Settat,33.0023,-7.6198,2026-09-19,34.4,16.8,0.0,14,18.7,35.6,3,33.0023,-7.6198,Morocco,MA,Casablanca-Settat,,171556,171556
Settat,33.0023,-7.6198,2026-09-20,37.2,21.7,0.3,15,24.3,47.5,80,33.0023,-7.6198,Morocco,MA,Casablanca-Settat,,171556,171556
Sidi Bennour,32.655,-8.4292,2026-09-14,40.7,22.6,0.0,0,25.0,43.2,2,32.655,-8.4292,Morocco,MA,Casablanca-Settat,,55847,55847
Sidi Bennour,32.655,-8.4292,2026-09-15,36.7,20.4,0.0,0,25.6,44.6,1,32.655,-8.4292,Morocco,MA,Casablanca-Settat,,55847,55847
Sidi Bennour,32.655,-8.4292,2026-09-16,30.0,18.2,0.0,0,23.5,40.7,45,32.655,-8.4292,Morocco,MA,Casablanca-Settat,,55847,55847
Sidi Bennour,32.655,-8.4292,2026-09-17,27.7,17.4,0.0,2,20.1,34.2,3,32.655,-8.4292,Morocco,MA,Casablanca-Settat,,55847,55847
Sidi Bennour,32.655,-8.4292,2026-09-18,30.3,16.6,0.0,3,21.0,37.8,45,32.655,-8.4292,Morocco,MA,Casablanca-Settat,,55847,55847
Sidi Bennour,32.655,-8.4292,2026-09-19,34.3,17.7,0.0,3,17.7,34.2,3,32.655,-8.4292,Morocco,MA,Casablanca-Settat,,55847,55847
Sidi Bennour,32.655,-8.4292,2026-09-20,39.1,20.2,0.0,0,19.1,34.9,1,32.655,-8.4292,Morocco,MA,Casablanca-Settat,,55847,55847
Sidi Lmokhtar,31.57,-9.01,2026-09-14,40.4,24.8,0.0,3,26.4,46.1,3,31.57,-9.01,Morocco,MA,Marrakech-Safi,,27083,27083
Sidi Lmokhtar,31.57,-9.01,2026-09-15,39.0,24.6,0.0,0,24.5,41.0,3,31.57,-9.01,Morocco,MA,Marrakech-Safi,,27083,27083
Sidi Lmokhtar,31.57,-9.01,2026-09-16,34.0,21.3,0.0,0,27.3,45.7,0,31.57,-9.01,Morocco,MA,Marrakech-Safi,,27083,27083
Sidi Lmokhtar,31.57,-9.01,2026-09-17,28.5,17.4,0.0,0,20.7,36.0,2,31.57,-9.01,Morocco,MA,Marrakech-Safi,,27083,27083
Sidi Lmokhtar,31.57,-9.01,2026-09-18,31.0,17.1,0.0,8,17.3,29.2,1,31.57,-9.01,Morocco,MA,Marrakech-Safi,,27083,27083
Sidi Lmokhtar,31.57,-9.01,2026-09-19,34.6,18.2,2.4,8,14.3,40.0,80,31.57,-9.01,Morocco,MA,Marrakech-Safi,,27083,27083
Sidi Lmokhtar,31.57,-9.01,2026-09-20,38.0,21.3,0.0,3,21.4,33.8,2,31.57,-9.01,Morocco,MA,Marrakech-Safi,,27083,27083
Sidi Qacem,34.21,-5.7,2026-09-14,39.8,25.3,0.0,0,16.0,34.6,0,34.21,-5.7,Morocco,MA,Rabat-Salé-Kénitra,,75037,75037
Sidi Qacem,34.21,-5.7,2026-09-15,34.7,22.0,0.0,0,18.0,37.8,3,34.21,-5.7,Morocco,MA,Rabat-Salé-Kénitra,,75037,75037
Sidi Qacem,34.21,-5.7,2026-09-16,31.2,20.8,0.0,0,18.2,38.9,1,34.21,-5.7,Morocco,MA,Rabat-Salé-Kénitra,,75037,75037
Sidi Qacem,34.21,-5.7,2026-09-17,28.0,18.8,0.0,4,13.0,28.4,3,34.21,-5.7,Morocco,MA,Rabat-Salé-Kénitra,,75037,75037
Sidi Qacem,34.21,-5.7,2026-09-18,32.3,17.8,0.0,5,14.8,30.6,2,34.21,-5.7,Morocco,MA,Rabat-Salé-Kénitra,,75037,75037
Sidi Qacem,34.21,-5.7,2026-09-19,38.0,21.0,0.0,0,14.2,38.9,2,34.21,-5.7,Morocco,MA,Rabat-Salé-Kénitra,,75037,75037
Sidi Qacem,34.21,-5.7,2026-09-20,40.3,23.8,0.0,0,17.1,35.3,1,34.21,-5.7,Morocco,MA,Rabat-Salé-Kénitra,,75037,75037
Sidi Slimane,34.26,-5.93,2026-09-14,39.8,23.5,0.0,0,16.8,35.6,0,34.26,-5.93,Morocco,MA,Rabat-Salé-Kénitra,,95114,95114
Sidi Slimane,34.26,-5.93,2026-09-15,34.1,20.8,0.0,0,17.6,36.7,2,34.26,-5.93,Morocco,MA,Rabat-Salé-Kénitra,,95114,95114
Sidi Slimane,34.26,-5.93,2026-09-16,30.6,20.7,0.0,0,18.7,39.2,2,34.26,-5.93,Morocco,MA,Rabat-Salé-Kénitra,,95114,95114
Sidi Slimane,34.26,-5.93,2026-09-17,28.3,19.3,0.0,0,13.0,28.1,3,34.26,-5.93,Morocco,MA,Rabat-Salé-Kénitra,,95114,95114
Sidi Slimane,34.26,-5.93,2026-09-18,32.2,17.1,0.0,3,14.8,36.4,45,34.26,-5.93,Morocco,MA,Rabat-Salé-Kénitra,,95114,95114
Sidi Slimane,34.26,-5.93,2026-09-19,37.5,19.1,0.0,0,17.4,33.8,1,34.26,-5.93,Morocco,MA,Rabat-Salé-Kénitra,,95114,95114
Sidi Slimane,34.26,-5.93,2026-09-20,40.5,21.8,0.0,0,16.5,34.2,1,34.26,-5.93,Morocco,MA,Rabat-Salé-Kénitra,,95114,95114
Sidi Smai’il,32.8167,-8.5,2026-09-14,39.8,22.4,0.0,0,19.5,33.8,1,32.8167,-8.5,Morocco,MA,Casablanca-Settat,,32694,32694
Sidi Smai’il,32.8167,-8.5,2026-09-15,34.9,20.5,0.0,0,22.0,38.5,1,32.8167,-8.5,Morocco,MA,Casablanca-Settat,,32694,32694
Sidi Smai’il,32.8167,-8.5,2026-09-16,28.4,19.3,0.0,0,21.6,37.4,2,32.8167,-8.5,Morocco,MA,Casablanca-Settat,,32694,32694
Sidi Smai’il,32.8167,-8.5,2026-09-17,27.1,17.9,0.0,0,17.6,31.3,3,32.8167,-8.5,Morocco,MA,Casablanca-Settat,,32694,32694
Sidi Smai’il,32.8167,-8.5,2026-09-18,28.8,17.3,0.0,2,20.7,37.8,45,32.8167,-8.5,Morocco,MA,Casablanca-Settat,,32694,32694
Sidi Smai’il,32.8167,-8.5,2026-09-19,31.3,18.5,0.0,3,18.8,34.2,3,32.8167,-8.5,Morocco,MA,Casablanca-Settat,,32694,32694
Sidi Smai’il,32.8167,-8.5,2026-09-20,36.4,20.7,0.0,0,19.1,35.3,0,32.8167,-8.5,Morocco,MA,Casablanca-Settat,,32694,32694
Sidi Yahia El Gharb,34.3058,-6.3058,2026-09-14,37.4,22.4,0.0,0,16.6,30.2,0,34.3058,-6.3058,Morocco,MA,Rabat-Salé-Kénitra,,39946,39946
Sidi Yahia El Gharb,34.3058,-6.3058,2026-09-15,31.1,20.4,0.0,0,19.5,34.9,1,34.3058,-6.3058,Morocco,MA,Rabat-Salé-Kénitra,,39946,39946
Sidi Yahia El Gharb,34.3058,-6.3058,2026-09-16,28.0,20.4,0.0,0,20.8,37.1,2,34.3058,-6.3058,Morocco,MA,Rabat-Salé-Kénitra,,39946,39946
Sidi Yahia El Gharb,34.3058,-6.3058,2026-09-17,27.3,18.2,0.0,0,14.8,28.4,3,34.3058,-6.3058,Morocco,MA,Rabat-Salé-Kénitra,,39946,39946
Sidi Yahia El Gharb,34.3058,-6.3058,2026-09-18,29.3,16.9,0.0,3,19.7,36.4,45,34.3058,-6.3058,Morocco,MA,Rabat-Salé-Kénitra,,39946,39946
Sidi Yahia El Gharb,34.3058,-6.3058,2026-09-19,34.6,17.4,0.0,0,20.9,38.2,2,34.3058,-6.3058,Morocco,MA,Rabat-Salé-Kénitra,,39946,39946
Sidi Yahia El Gharb,34.3058,-6.3058,2026-09-20,39.1,21.1,0.0,0,20.7,37.4,1,34.3058,-6.3058,Morocco,MA,Rabat-Salé-Kénitra,,39946,39946
Sidi Yahya Zaer,33.7105,-6.8831,2026-09-14,38.4,23.7,0.0,0,20.7,41.4,1,33.7105,-6.8831,Morocco,MA,Rabat-Salé-Kénitra,,116649,116649
Sidi Yahya Zaer,33.7105,-6.8831,2026-09-15,32.1,20.3,0.0,0,21.1,42.5,1,33.7105,-6.8831,Morocco,MA,Rabat-Salé-Kénitra,,116649,116649
Sidi Yahya Zaer,33.7105,-6.8831,2026-09-16,27.5,18.5,0.0,0,22.2,43.9,2,33.7105,-6.8831,Morocco,MA,Rabat-Salé-Kénitra,,116649,116649
Sidi Yahya Zaer,33.7105,-6.8831,2026-09-17,26.3,17.3,0.0,0,16.4,33.5,3,33.7105,-6.8831,Morocco,MA,Rabat-Salé-Kénitra,,116649,116649
Sidi Yahya Zaer,33.7105,-6.8831,2026-09-18,27.9,15.0,0.0,0,19.6,40.3,1,33.7105,-6.8831,Morocco,MA,Rabat-Salé-Kénitra,,116649,116649
Sidi Yahya Zaer,33.7105,-6.8831,2026-09-19,31.3,16.6,0.0,0,15.8,33.1,3,33.7105,-6.8831,Morocco,MA,Rabat-Salé-Kénitra,,116649,116649
Sidi Yahya Zaer,33.7105,-6.8831,2026-09-20,36.2,19.3,0.0,0,19.1,38.2,0,33.7105,-6.8831,Morocco,MA,Rabat-Salé-Kénitra,,116649,116649
Skhirate,33.85,-7.03,2026-09-14,30.6,22.6,0.0,0,11.0,25.6,45,33.85,-7.03,Morocco,MA,Rabat-Salé-Kénitra,,122705,122705
Skhirate,33.85,-7.03,2026-09-15,26.1,20.9,0.0,0,14.7,32.0,45,33.85,-7.03,Morocco,MA,Rabat-Salé-Kénitra,,122705,122705
Skhirate,33.85,-7.03,2026-09-16,24.8,20.6,0.0,0,16.9,36.7,2,33.85,-7.03,Morocco,MA,Rabat-Salé-Kénitra,,122705,122705
Skhirate,33.85,-7.03,2026-09-17,24.8,19.0,0.0,0,13.2,29.5,3,33.85,-7.03,Morocco,MA,Rabat-Salé-Kénitra,,122705,122705
Skhirate,33.85,-7.03,2026-09-18,24.6,16.7,0.0,0,16.8,36.7,2,33.85,-7.03,Morocco,MA,Rabat-Salé-Kénitra,,122705,122705
Skhirate,33.85,-7.03,2026-09-19,25.9,17.7,0.0,0,12.6,27.0,3,33.85,-7.03,Morocco,MA,Rabat-Salé-Kénitra,,122705,122705
Skhirate,33.85,-7.03,2026-09-20,29.4,20.8,0.0,0,13.8,27.7,0,33.85,-7.03,Morocco,MA,Rabat-Salé-Kénitra,,122705,122705
Souk et Tnine Jorf el Mellah,34.4945,-5.5047,2026-09-14,39.8,26.5,0.0,0,16.0,29.9,0,34.4945,-5.5047,Morocco,MA,Rabat-Salé-Kénitra,,31976,31976
Souk et Tnine Jorf el Mellah,34.4945,-5.5047,2026-09-15,35.8,21.7,0.0,0,19.0,36.4,3,34.4945,-5.5047,Morocco,MA,Rabat-Salé-Kénitra,,31976,31976
Souk et Tnine Jorf el Mellah,34.4945,-5.5047,2026-09-16,31.4,20.4,0.0,0,19.3,36.0,2,34.4945,-5.5047,Morocco,MA,Rabat-Salé-Kénitra,,31976,31976
Souk et Tnine Jorf el Mellah,34.4945,-5.5047,2026-09-17,28.1,19.8,0.0,2,12.5,23.8,3,34.4945,-5.5047,Morocco,MA,Rabat-Salé-Kénitra,,31976,31976
Souk et Tnine Jorf el Mellah,34.4945,-5.5047,2026-09-18,33.1,17.4,0.0,3,10.5,18.7,45,34.4945,-5.5047,Morocco,MA,Rabat-Salé-Kénitra,,31976,31976
Souk et Tnine Jorf el Mellah,34.4945,-5.5047,2026-09-19,39.0,20.9,0.0,3,16.2,29.9,2,34.4945,-5.5047,Morocco,MA,Rabat-Salé-Kénitra,,31976,31976
Souk et Tnine Jorf el Mellah,34.4945,-5.5047,2026-09-20,41.1,22.5,0.0,3,12.3,27.4,1,34.4945,-5.5047,Morocco,MA,Rabat-Salé-Kénitra,,31976,31976
Souq Sebt Oulad Nemma,32.3,-6.7,2026-09-14,41.2,23.3,0.0,3,14.3,30.2,3,32.3,-6.7,Morocco,MA,Béni Mellal-Khénifra,,60293,60293
Souq Sebt Oulad Nemma,32.3,-6.7,2026-09-15,39.3,24.5,0.0,0,20.3,35.6,3,32.3,-6.7,Morocco,MA,Béni Mellal-Khénifra,,60293,60293
Souq Sebt Oulad Nemma,32.3,-6.7,2026-09-16,35.6,19.8,0.0,0,17.3,34.6,1,32.3,-6.7,Morocco,MA,Béni Mellal-Khénifra,,60293,60293
Souq Sebt Oulad Nemma,32.3,-6.7,2026-09-17,32.3,17.5,0.0,3,14.8,28.1,2,32.3,-6.7,Morocco,MA,Béni Mellal-Khénifra,,60293,60293
Souq Sebt Oulad Nemma,32.3,-6.7,2026-09-18,34.2,17.9,0.0,10,7.1,15.1,2,32.3,-6.7,Morocco,MA,Béni Mellal-Khénifra,,60293,60293
Souq Sebt Oulad Nemma,32.3,-6.7,2026-09-19,37.9,19.4,0.0,9,16.6,45.4,3,32.3,-6.7,Morocco,MA,Béni Mellal-Khénifra,,60293,60293
Souq Sebt Oulad Nemma,32.3,-6.7,2026-09-20,39.6,21.5,0.0,3,13.9,26.3,2,32.3,-6.7,Morocco,MA,Béni Mellal-Khénifra,,60293,60293
Tabount,30.9014,-6.9217,2026-09-14,34.4,21.1,0.0,5,19.1,31.7,3,30.9014,-6.9217,Morocco,MA,Drâa-Tafilalet,,37465,37465
Tabount,30.9014,-6.9217,2026-09-15,33.2,21.9,0.1,18,19.4,65.5,3,30.9014,-6.9217,Morocco,MA,Drâa-Tafilalet,,37465,37465
Tabount,30.9014,-6.9217,2026-09-16,33.1,18.9,0.0,0,24.0,39.2,0,30.9014,-6.9217,Morocco,MA,Drâa-Tafilalet,,37465,37465
Tabount,30.9014,-6.9217,2026-09-17,33.7,18.0,0.0,10,12.9,22.0,3,30.9014,-6.9217,Morocco,MA,Drâa-Tafilalet,,37465,37465
Tabount,30.9014,-6.9217,2026-09-18,33.8,19.1,0.0,29,11.4,26.6,3,30.9014,-6.9217,Morocco,MA,Drâa-Tafilalet,,37465,37465
Tabount,30.9014,-6.9217,2026-09-19,30.0,19.0,0.0,27,16.1,29.9,3,30.9014,-6.9217,Morocco,MA,Drâa-Tafilalet,,37465,37465
Tabount,30.9014,-6.9217,2026-09-20,32.7,19.7,0.0,13,18.1,31.0,3,30.9014,-6.9217,Morocco,MA,Drâa-Tafilalet,,37465,37465
Tahannawt,31.3514,-7.9508,2026-09-14,35.3,24.2,0.0,8,22.4,41.0,3,31.3514,-7.9508,Morocco,MA,Marrakech-Safi,,29562,29562
Tahannawt,31.3514,-7.9508,2026-09-15,34.3,22.9,0.0,3,19.9,37.4,3,31.3514,-7.9508,Morocco,MA,Marrakech-Safi,,29562,29562
Tahannawt,31.3514,-7.9508,2026-09-16,30.7,18.4,0.0,0,17.5,33.1,0,31.3514,-7.9508,Morocco,MA,Marrakech-Safi,,29562,29562
Tahannawt,31.3514,-7.9508,2026-09-17,26.5,15.0,0.0,5,14.1,27.7,1,31.3514,-7.9508,Morocco,MA,Marrakech-Safi,,29562,29562
Tahannawt,31.3514,-7.9508,2026-09-18,27.6,14.8,0.0,13,14.0,27.0,2,31.3514,-7.9508,Morocco,MA,Marrakech-Safi,,29562,29562
Tahannawt,31.3514,-7.9508,2026-09-19,31.4,17.3,0.9,17,13.9,24.5,3,31.3514,-7.9508,Morocco,MA,Marrakech-Safi,,29562,29562
Tahannawt,31.3514,-7.9508,2026-09-20,33.7,18.0,0.0,18,15.9,27.0,3,31.3514,-7.9508,Morocco,MA,Marrakech-Safi,,29562,29562
Tahla,34.05,-4.42,2026-09-14,36.5,21.7,0.0,0,12.7,24.5,3,34.05,-4.42,Morocco,MA,Fès-Meknès,,28612,28612
Tahla,34.05,-4.42,2026-09-15,35.3,21.3,0.0,0,17.1,31.7,3,34.05,-4.42,Morocco,MA,Fès-Meknès,,28612,28612
Tahla,34.05,-4.42,2026-09-16,30.5,18.9,0.0,0,17.3,33.5,1,34.05,-4.42,Morocco,MA,Fès-Meknès,,28612,28612
Tahla,34.05,-4.42,2026-09-17,27.5,16.8,0.0,13,14.8,28.4,3,34.05,-4.42,Morocco,MA,Fès-Meknès,,28612,28612
Tahla,34.05,-4.42,2026-09-18,30.9,16.2,0.0,23,21.2,40.0,3,34.05,-4.42,Morocco,MA,Fès-Meknès,,28612,28612
Tahla,34.05,-4.42,2026-09-19,35.6,21.3,0.0,5,19.5,38.2,3,34.05,-4.42,Morocco,MA,Fès-Meknès,,28612,28612
Tahla,34.05,-4.42,2026-09-20,36.5,22.5,0.0,5,22.7,41.0,1,34.05,-4.42,Morocco,MA,Fès-Meknès,,28612,28612
Tameslouht,31.5,-8.1,2026-09-14,39.2,26.5,0.0,3,17.1,29.9,3,31.5,-8.1,Morocco,MA,Marrakech-Safi,,40283,40283
Tameslouht,31.5,-8.1,2026-09-15,37.9,25.7,0.0,3,23.1,37.8,3,31.5,-8.1,Morocco,MA,Marrakech-Safi,,40283,40283
Tameslouht,31.5,-8.1,2026-09-16,34.0,21.2,0.0,0,19.7,33.8,0,31.5,-8.1,Morocco,MA,Marrakech-Safi,,40283,40283
Tameslouht,31.5,-8.1,2026-09-17,29.6,17.5,0.0,0,12.9,22.3,1,31.5,-8.1,Morocco,MA,Marrakech-Safi,,40283,40283
Tameslouht,31.5,-8.1,2026-09-18,31.2,17.7,0.0,13,11.4,20.2,2,31.5,-8.1,Morocco,MA,Marrakech-Safi,,40283,40283
Tameslouht,31.5,-8.1,2026-09-19,35.4,19.0,0.6,9,14.8,40.3,3,31.5,-8.1,Morocco,MA,Marrakech-Safi,,40283,40283
Tameslouht,31.5,-8.1,2026-09-20,37.3,21.2,0.0,8,12.8,26.3,2,31.5,-8.1,Morocco,MA,Marrakech-Safi,,40283,40283
Tan-Tan,28.4333,-11.1,2026-09-14,40.2,27.1,0.7,31,27.2,46.4,53,28.4333,-11.1,Morocco,MA,Guelmim-Oued Noun,,76134,76134
Tan-Tan,28.4333,-11.1,2026-09-15,33.7,23.5,0.0,2,18.8,37.4,0,28.4333,-11.1,Morocco,MA,Guelmim-Oued Noun,,76134,76134
Tan-Tan,28.4333,-11.1,2026-09-16,31.0,20.2,0.0,0,26.3,47.9,0,28.4333,-11.1,Morocco,MA,Guelmim-Oued Noun,,76134,76134
Tan-Tan,28.4333,-11.1,2026-09-17,25.6,20.0,0.3,0,29.5,52.9,51,28.4333,-11.1,Morocco,MA,Guelmim-Oued Noun,,76134,76134
Tan-Tan,28.4333,-11.1,2026-09-18,25.7,19.3,0.0,0,24.0,45.0,3,28.4333,-11.1,Morocco,MA,Guelmim-Oued Noun,,76134,76134
Tan-Tan,28.4333,-11.1,2026-09-19,28.4,18.9,0.0,0,18.3,34.9,3,28.4333,-11.1,Morocco,MA,Guelmim-Oued Noun,,76134,76134
Tan-Tan,28.4333,-11.1,2026-09-20,31.0,16.7,0.0,2,14.8,41.4,3,28.4333,-11.1,Morocco,MA,Guelmim-Oued Noun,,76134,76134
Tangier,35.7767,-5.8039,2026-09-14,29.3,22.6,0.0,0,26.1,61.2,1,35.7767,-5.8039,Morocco,MA,Tanger-Tétouan-Al Hoceïma,admin,1275428,1275428
Tangier,35.7767,-5.8039,2026-09-15,30.1,21.1,0.0,0,16.1,36.7,1,35.7767,-5.8039,Morocco,MA,Tanger-Tétouan-Al Hoceïma,admin,1275428,1275428
Tangier,35.7767,-5.8039,2026-09-16,26.9,18.2,0.0,0,21.3,48.6,3,35.7767,-5.8039,Morocco,MA,Tanger-Tétouan-Al Hoceïma,admin,1275428,1275428
Tangier,35.7767,-5.8039,2026-09-17,26.2,18.8,0.0,0,15.0,34.9,3,35.7767,-5.8039,Morocco,MA,Tanger-Tétouan-Al Hoceïma,admin,1275428,1275428
Tangier,35.7767,-5.8039,2026-09-18,28.2,18.7,0.0,0,21.4,49.3,3,35.7767,-5.8039,Morocco,MA,Tanger-Tétouan-Al Hoceïma,admin,1275428,1275428
Tangier,35.7767,-5.8039,2026-09-19,27.3,21.7,0.0,0,34.2,64.8,3,35.7767,-5.8039,Morocco,MA,Tanger-Tétouan-Al Hoceïma,admin,1275428,1275428
Tangier,35.7767,-5.8039,2026-09-20,26.9,22.9,0.0,3,35.1,65.5,3,35.7767,-5.8039,Morocco,MA,Tanger-Tétouan-Al Hoceïma,admin,1275428,1275428
Taourirt,34.41,-2.89,2026-09-14,31.5,19.2,0.0,0,24.5,40.7,1,34.41,-2.89,Morocco,MA,Oriental,,321876,321876
Taourirt,34.41,-2.89,2026-09-15,32.2,18.9,0.0,0,23.6,38.2,3,34.41,-2.89,Morocco,MA,Oriental,,321876,321876
Taourirt,34.41,-2.89,2026-09-16,34.0,18.4,0.0,0,23.4,37.4,1,34.41,-2.89,Morocco,MA,Oriental,,321876,321876
Taourirt,34.41,-2.89,2026-09-17,29.9,20.0,0.0,11,26.2,46.4,3,34.41,-2.89,Morocco,MA,Oriental,,321876,321876
Taourirt,34.41,-2.89,2026-09-18,29.0,18.5,0.0,13,26.8,48.6,45,34.41,-2.89,Morocco,MA,Oriental,,321876,321876
Taourirt,34.41,-2.89,2026-09-19,31.7,18.7,0.0,6,17.7,30.6,3,34.41,-2.89,Morocco,MA,Oriental,,321876,321876
Taourirt,34.41,-2.89,2026-09-20,31.7,19.9,0.0,5,21.8,35.3,45,34.41,-2.89,Morocco,MA,Oriental,,321876,321876
Taroudannt,30.4711,-8.8778,2026-09-14,41.9,26.1,0.0,3,22.0,42.5,3,30.4711,-8.8778,Morocco,MA,Souss-Massa,,83496,83496
Taroudannt,30.4711,-8.8778,2026-09-15,41.1,26.4,0.0,3,27.4,56.9,3,30.4711,-8.8778,Morocco,MA,Souss-Massa,,83496,83496
Taroudannt,30.4711,-8.8778,2026-09-16,36.5,23.3,0.0,0,24.9,49.0,0,30.4711,-8.8778,Morocco,MA,Souss-Massa,,83496,83496
Taroudannt,30.4711,-8.8778,2026-09-17,30.4,18.7,0.0,2,25.3,52.2,45,30.4711,-8.8778,Morocco,MA,Souss-Massa,,83496,83496
Taroudannt,30.4711,-8.8778,2026-09-18,30.5,17.8,0.0,8,23.2,50.0,1,30.4711,-8.8778,Morocco,MA,Souss-Massa,,83496,83496
Taroudannt,30.4711,-8.8778,2026-09-19,38.4,17.7,0.0,3,18.9,36.7,45,30.4711,-8.8778,Morocco,MA,Souss-Massa,,83496,83496
Taroudannt,30.4711,-8.8778,2026-09-20,42.0,25.0,0.0,0,24.0,47.5,2,30.4711,-8.8778,Morocco,MA,Souss-Massa,,83496,83496
Taza,34.2144,-4.0088,2026-09-14,32.1,20.4,0.0,0,18.2,36.4,1,34.2144,-4.0088,Morocco,MA,Fès-Meknès,,148406,148406
Taza,34.2144,-4.0088,2026-09-15,33.2,19.5,0.0,0,15.7,33.1,3,34.2144,-4.0088,Morocco,MA,Fès-Meknès,,148406,148406
Taza,34.2144,-4.0088,2026-09-16,30.5,19.3,0.0,0,24.1,50.4,1,34.2144,-4.0088,Morocco,MA,Fès-Meknès,,148406,148406
Taza,34.2144,-4.0088,2026-09-17,29.4,18.2,0.0,5,19.3,42.1,3,34.2144,-4.0088,Morocco,MA,Fès-Meknès,,148406,148406
Taza,34.2144,-4.0088,2026-09-18,29.0,17.2,0.0,5,19.2,41.4,3,34.2144,-4.0088,Morocco,MA,Fès-Meknès,,148406,148406
Taza,34.2144,-4.0088,2026-09-19,32.6,19.0,0.0,8,17.6,39.6,3,34.2144,-4.0088,Morocco,MA,Fès-Meknès,,148406,148406
Taza,34.2144,-4.0088,2026-09-20,33.2,20.7,0.0,8,19.9,37.8,1,34.2144,-4.0088,Morocco,MA,Fès-Meknès,,148406,148406
Temara,33.9234,-6.9076,2026-09-14,33.4,23.5,0.0,0,11.0,29.9,1,33.9234,-6.9076,Morocco,MA,Rabat-Salé-Kénitra,,297098,297098
Temara,33.9234,-6.9076,2026-09-15,27.6,21.1,0.0,0,13.2,36.0,1,33.9234,-6.9076,Morocco,MA,Rabat-Salé-Kénitra,,297098,297098
Temara,33.9234,-6.9076,2026-09-16,25.6,20.3,0.0,0,15.9,41.0,2,33.9234,-6.9076,Morocco,MA,Rabat-Salé-Kénitra,,297098,297098
Temara,33.9234,-6.9076,2026-09-17,25.7,18.5,0.0,0,12.4,33.1,3,33.9234,-6.9076,Morocco,MA,Rabat-Salé-Kénitra,,297098,297098
Temara,33.9234,-6.9076,2026-09-18,26.4,16.4,0.0,0,14.8,38.9,45,33.9234,-6.9076,Morocco,MA,Rabat-Salé-Kénitra,,297098,297098
Temara,33.9234,-6.9076,2026-09-19,25.8,17.5,0.0,3,12.6,27.0,2,33.9234,-6.9076,Morocco,MA,Rabat-Salé-Kénitra,,297098,297098
Temara,33.9234,-6.9076,2026-09-20,29.3,20.7,0.0,3,13.8,27.7,0,33.9234,-6.9076,Morocco,MA,Rabat-Salé-Kénitra,,297098,297098
Temsia,30.3633,-9.4144,2026-09-14,40.8,26.0,0.0,5,21.5,43.9,3,30.3633,-9.4144,Morocco,MA,Souss-Massa,,52663,52663
Temsia,30.3633,-9.4144,2026-09-15,36.7,26.1,0.2,5,18.3,39.2,3,30.3633,-9.4144,Morocco,MA,Souss-Massa,,52663,52663
Temsia,30.3633,-9.4144,2026-09-16,31.0,22.2,0.0,0,20.9,45.0,1,30.3633,-9.4144,Morocco,MA,Souss-Massa,,52663,52663
Temsia,30.3633,-9.4144,2026-09-17,27.8,20.4,0.0,2,20.8,42.8,2,30.3633,-9.4144,Morocco,MA,Souss-Massa,,52663,52663
Temsia,30.3633,-9.4144,2026-09-18,27.6,19.6,0.0,3,20.3,42.8,3,30.3633,-9.4144,Morocco,MA,Souss-Massa,,52663,52663
Temsia,30.3633,-9.4144,2026-09-19,35.6,19.3,0.0,3,17.8,31.7,2,30.3633,-9.4144,Morocco,MA,Souss-Massa,,52663,52663
Temsia,30.3633,-9.4144,2026-09-20,40.9,24.8,0.0,0,28.8,50.0,2,30.3633,-9.4144,Morocco,MA,Souss-Massa,,52663,52663
Tifariti,26.158,-10.567,2026-09-14,35.9,25.6,2.3,39,30.8,47.2,53,26.158,-10.567,Morocco,MA,Laâyoune-Sakia El Hamra,primary,3000,3000
Tifariti,26.158,-10.567,2026-09-15,36.6,24.3,0.6,9,18.7,29.5,51,26.158,-10.567,Morocco,MA,Laâyoune-Sakia El Hamra,primary,3000,3000
Tifariti,26.158,-10.567,2026-09-16,36.8,21.8,0.0,0,30.0,45.4,0,26.158,-10.567,Morocco,MA,Laâyoune-Sakia El Hamra,primary,3000,3000
Tifariti,26.158,-10.567,2026-09-17,31.5,17.9,0.0,0,33.5,52.6,0,26.158,-10.567,Morocco,MA,Laâyoune-Sakia El Hamra,primary,3000,3000
Tifariti,26.158,-10.567,2026-09-18,29.1,16.3,0.0,0,30.3,47.9,3,26.158,-10.567,Morocco,MA,Laâyoune-Sakia El Hamra,primary,3000,3000
Tifariti,26.158,-10.567,2026-09-19,33.0,16.1,0.0,0,20.1,34.6,3,26.158,-10.567,Morocco,MA,Laâyoune-Sakia El Hamra,primary,3000,3000
Tifariti,26.158,-10.567,2026-09-20,35.6,21.3,4.4,2,33.8,50.8,53,26.158,-10.567,Morocco,MA,Laâyoune-Sakia El Hamra,primary,3000,3000
Tiflet,33.9,-6.33,2026-09-14,38.5,25.4,0.0,0,18.8,37.4,1,33.9,-6.33,Morocco,MA,Rabat-Salé-Kénitra,,103850,103850
Tiflet,33.9,-6.33,2026-09-15,33.4,21.8,0.0,0,18.9,38.2,1,33.9,-6.33,Morocco,MA,Rabat-Salé-Kénitra,,103850,103850
Tiflet,33.9,-6.33,2026-09-16,28.7,19.0,0.0,0,19.6,39.6,2,33.9,-6.33,Morocco,MA,Rabat-Salé-Kénitra,,103850,103850
Tiflet,33.9,-6.33,2026-09-17,27.0,16.3,0.0,0,14.5,29.9,3,33.9,-6.33,Morocco,MA,Rabat-Salé-Kénitra,,103850,103850
Tiflet,33.9,-6.33,2026-09-18,30.1,15.2,0.0,3,15.5,37.1,3,33.9,-6.33,Morocco,MA,Rabat-Salé-Kénitra,,103850,103850
Tiflet,33.9,-6.33,2026-09-19,34.9,18.8,0.0,3,14.1,33.1,3,33.9,-6.33,Morocco,MA,Rabat-Salé-Kénitra,,103850,103850
Tiflet,33.9,-6.33,2026-09-20,38.2,20.8,0.0,3,18.1,38.2,3,33.9,-6.33,Morocco,MA,Rabat-Salé-Kénitra,,103850,103850
Tineghir,31.5147,-5.5328,2026-09-14,33.6,21.2,0.0,5,18.4,30.2,3,31.5147,-5.5328,Morocco,MA,Drâa-Tafilalet,,44239,44239
Tineghir,31.5147,-5.5328,2026-09-15,30.7,20.3,2.2,23,20.1,50.8,61,31.5147,-5.5328,Morocco,MA,Drâa-Tafilalet,,44239,44239
Tineghir,31.5147,-5.5328,2026-09-16,31.2,17.0,0.0,0,28.7,44.3,1,31.5147,-5.5328,Morocco,MA,Drâa-Tafilalet,,44239,44239
Tineghir,31.5147,-5.5328,2026-09-17,31.5,17.6,0.0,26,20.6,33.1,3,31.5147,-5.5328,Morocco,MA,Drâa-Tafilalet,,44239,44239
Tineghir,31.5147,-5.5328,2026-09-18,31.3,18.7,0.0,43,12.2,26.3,3,31.5147,-5.5328,Morocco,MA,Drâa-Tafilalet,,44239,44239
Tineghir,31.5147,-5.5328,2026-09-19,27.8,19.8,0.6,26,13.0,26.3,3,31.5147,-5.5328,Morocco,MA,Drâa-Tafilalet,,44239,44239
Tineghir,31.5147,-5.5328,2026-09-20,30.6,18.0,0.0,16,14.8,23.4,1,31.5147,-5.5328,Morocco,MA,Drâa-Tafilalet,,44239,44239
Tit Mellil,33.5533,-7.4822,2026-09-14,34.4,23.9,0.0,0,12.4,33.1,2,33.5533,-7.4822,Morocco,MA,Casablanca-Settat,,56019,56019
Tit Mellil,33.5533,-7.4822,2026-09-15,29.2,21.2,0.0,0,14.0,36.4,45,33.5533,-7.4822,Morocco,MA,Casablanca-Settat,,56019,56019
Tit Mellil,33.5533,-7.4822,2026-09-16,26.1,20.1,0.0,0,15.9,41.0,3,33.5533,-7.4822,Morocco,MA,Casablanca-Settat,,56019,56019
Tit Mellil,33.5533,-7.4822,2026-09-17,26.1,18.7,0.0,2,13.5,35.6,3,33.5533,-7.4822,Morocco,MA,Casablanca-Settat,,56019,56019
Tit Mellil,33.5533,-7.4822,2026-09-18,26.1,16.9,0.0,3,16.6,41.8,45,33.5533,-7.4822,Morocco,MA,Casablanca-Settat,,56019,56019
Tit Mellil,33.5533,-7.4822,2026-09-19,28.0,19.1,0.0,3,13.1,34.9,45,33.5533,-7.4822,Morocco,MA,Casablanca-Settat,,56019,56019
Tit Mellil,33.5533,-7.4822,2026-09-20,31.1,20.5,0.0,3,13.3,35.3,45,33.5533,-7.4822,Morocco,MA,Casablanca-Settat,,56019,56019
Tiznit,29.7,-9.7269,2026-09-14,39.9,29.5,0.1,8,27.9,46.4,3,29.7,-9.7269,Morocco,MA,Souss-Massa,,196348,196348
Tiznit,29.7,-9.7269,2026-09-15,36.0,27.3,0.0,0,20.0,32.4,0,29.7,-9.7269,Morocco,MA,Souss-Massa,,196348,196348
Tiznit,29.7,-9.7269,2026-09-16,31.6,21.4,0.0,0,22.5,38.2,1,29.7,-9.7269,Morocco,MA,Souss-Massa,,196348,196348
Tiznit,29.7,-9.7269,2026-09-17,24.2,19.4,0.0,0,23.2,38.2,3,29.7,-9.7269,Morocco,MA,Souss-Massa,,196348,196348
Tiznit,29.7,-9.7269,2026-09-18,24.9,19.2,0.0,0,22.3,37.1,3,29.7,-9.7269,Morocco,MA,Souss-Massa,,196348,196348
Tiznit,29.7,-9.7269,2026-09-19,28.4,19.4,0.0,0,15.6,25.9,2,29.7,-9.7269,Morocco,MA,Souss-Massa,,196348,196348
Tiznit,29.7,-9.7269,2026-09-20,31.2,23.3,0.0,0,17.0,29.2,1,29.7,-9.7269,Morocco,MA,Souss-Massa,,196348,196348
Tétouan,35.5667,-5.3667,2026-09-14,26.9,22.1,0.0,0,18.1,46.4,2,35.5667,-5.3667,Morocco,MA,Tanger-Tétouan-Al Hoceïma,,422757,422757
Tétouan,35.5667,-5.3667,2026-09-15,28.2,20.8,0.0,0,13.0,34.6,2,35.5667,-5.3667,Morocco,MA,Tanger-Tétouan-Al Hoceïma,,422757,422757
Tétouan,35.5667,-5.3667,2026-09-16,33.7,18.3,0.0,0,25.3,58.7,1,35.5667,-5.3667,Morocco,MA,Tanger-Tétouan-Al Hoceïma,,422757,422757
Tétouan,35.5667,-5.3667,2026-09-17,27.9,17.5,0.0,3,11.3,27.4,3,35.5667,-5.3667,Morocco,MA,Tanger-Tétouan-Al Hoceïma,,422757,422757
Tétouan,35.5667,-5.3667,2026-09-18,26.4,17.2,0.0,8,20.3,46.1,3,35.5667,-5.3667,Morocco,MA,Tanger-Tétouan-Al Hoceïma,,422757,422757
Tétouan,35.5667,-5.3667,2026-09-19,27.1,21.7,0.0,3,27.8,56.5,3,35.5667,-5.3667,Morocco,MA,Tanger-Tétouan-Al Hoceïma,,422757,422757
Tétouan,35.5667,-5.3667,2026-09-20,26.7,22.9,0.0,5,26.5,62.3,3,35.5667,-5.3667,Morocco,MA,Tanger-Tétouan-Al Hoceïma,,422757,422757
Warzat,30.9167,-6.9167,2026-09-14,34.4,19.7,0.0,5,21.6,37.1,3,30.9167,-6.9167,Morocco,MA,Drâa-Tafilalet,,79218,79218
Warzat,30.9167,-6.9167,2026-09-15,32.9,21.3,0.1,18,28.7,59.0,3,30.9167,-6.9167,Morocco,MA,Drâa-Tafilalet,,79218,79218
Warzat,30.9167,-6.9167,2026-09-16,32.8,17.2,0.0,0,24.6,42.1,0,30.9167,-6.9167,Morocco,MA,Drâa-Tafilalet,,79218,79218
Warzat,30.9167,-6.9167,2026-09-17,33.2,16.5,0.0,10,10.7,20.5,2,30.9167,-6.9167,Morocco,MA,Drâa-Tafilalet,,79218,79218
Warzat,30.9167,-6.9167,2026-09-18,33.5,17.9,0.0,29,10.8,19.4,3,30.9167,-6.9167,Morocco,MA,Drâa-Tafilalet,,79218,79218
Warzat,30.9167,-6.9167,2026-09-19,30.1,19.1,0.0,27,16.1,29.9,3,30.9167,-6.9167,Morocco,MA,Drâa-Tafilalet,,79218,79218
Warzat,30.9167,-6.9167,2026-09-20,32.8,19.8,0.0,13,18.1,31.0,3,30.9167,-6.9167,Morocco,MA,Drâa-Tafilalet,,79218,79218
Youssoufia,32.25,-8.53,2026-09-14,40.3,26.9,0.0,0,24.3,49.0,2,32.25,-8.53,Morocco,MA,Marrakech-Safi,,65669,65669
Youssoufia,32.25,-8.53,2026-09-15,37.1,23.9,0.0,3,24.5,49.3,2,32.25,-8.53,Morocco,MA,Marrakech-Safi,,65669,65669
Youssoufia,32.25,-8.53,2026-09-16,31.6,18.8,0.0,0,21.9,43.9,1,32.25,-8.53,Morocco,MA,Marrakech-Safi,,65669,65669
Youssoufia,32.25,-8.53,2026-09-17,28.0,17.2,0.0,2,17.7,36.7,2,32.25,-8.53,Morocco,MA,Marrakech-Safi,,65669,65669
Youssoufia,32.25,-8.53,2026-09-18,30.6,16.9,0.0,3,18.6,36.7,45,32.25,-8.53,Morocco,MA,Marrakech-Safi,,65669,65669
Youssoufia,32.25,-8.53,2026-09-19,35.3,17.3,0.6,5,13.8,28.8,80,32.25,-8.53,Morocco,MA,Marrakech-Safi,,65669,65669
Youssoufia,32.25,-8.53,2026-09-20,38.8,22.2,0.0,5,20.8,47.5,3,32.25,-8.53,Morocco,MA,Marrakech-Safi,,65669,65669
Zagora,30.3316,-5.8376,2026-09-14,38.5,24.1,0.0,5,15.9,27.7,3,30.3316,-5.8376,Morocco,MA,Drâa-Tafilalet,,42294,42294
Zagora,30.3316,-5.8376,2026-09-15,35.3,27.9,0.1,13,16.3,31.0,3,30.3316,-5.8376,Morocco,MA,Drâa-Tafilalet,,42294,42294
Zagora,30.3316,-5.8376,2026-09-16,37.2,23.1,0.0,0,14.0,23.8,1,30.3316,-5.8376,Morocco,MA,Drâa-Tafilalet,,42294,42294
Zagora,30.3316,-5.8376,2026-09-17,36.9,24.0,0.0,3,20.5,32.0,2,30.3316,-5.8376,Morocco,MA,Drâa-Tafilalet,,42294,42294
Zagora,30.3316,-5.8376,2026-09-18,36.8,23.8,0.0,10,16.6,26.3,2,30.3316,-5.8376,Morocco,MA,Drâa-Tafilalet,,42294,42294
Zagora,30.3316,-5.8376,2026-09-19,33.9,24.0,0.0,13,25.6,39.6,2,30.3316,-5.8376,Morocco,MA,Drâa-Tafilalet,,42294,42294
Zagora,30.3316,-5.8376,2026-09-20,35.7,25.9,0.0,0,19.1,30.6,3,30.3316,-5.8376,Morocco,MA,Drâa-Tafilalet,,42294,42294
Zawyat ech Cheïkh,32.6541,-5.9214,2026-09-14,38.1,19.3,0.0,3,16.7,46.1,3,32.6541,-5.9214,Morocco,MA,Béni Mellal-Khénifra,,25088,25088
Zawyat ech Cheïkh,32.6541,-5.9214,2026-09-15,36.0,19.6,0.0,0,21.0,37.1,3,32.6541,-5.9214,Morocco,MA,Béni Mellal-Khénifra,,25088,25088
Zawyat ech Cheïkh,32.6541,-5.9214,2026-09-16,32.1,17.3,0.0,0,14.3,25.9,1,32.6541,-5.9214,Morocco,MA,Béni Mellal-Khénifra,,25088,25088
Zawyat ech Cheïkh,32.6541,-5.9214,2026-09-17,30.2,17.1,0.0,4,13.4,27.7,3,32.6541,-5.9214,Morocco,MA,Béni Mellal-Khénifra,,25088,25088
Zawyat ech Cheïkh,32.6541,-5.9214,2026-09-18,32.3,14.8,0.0,13,9.5,16.9,2,32.6541,-5.9214,Morocco,MA,Béni Mellal-Khénifra,,25088,25088
Zawyat ech Cheïkh,32.6541,-5.9214,2026-09-19,34.1,19.5,0.3,8,10.4,21.2,3,32.6541,-5.9214,Morocco,MA,Béni Mellal-Khénifra,,25088,25088
Zawyat ech Cheïkh,32.6541,-5.9214,2026-09-20,36.7,19.6,0.0,8,14.3,31.7,2,32.6541,-5.9214,Morocco,MA,Béni Mellal-Khénifra,,25088,25088
Zaïo,34.9396,-2.7334,2026-09-14,29.6,19.7,0.0,0,13.2,34.6,45,34.9396,-2.7334,Morocco,MA,Oriental,,36766,36766
Zaïo,34.9396,-2.7334,2026-09-15,29.6,18.7,0.0,0,9.9,24.1,45,34.9396,-2.7334,Morocco,MA,Oriental,,36766,36766
Zaïo,34.9396,-2.7334,2026-09-16,33.2,18.4,0.0,0,15.2,34.2,45,34.9396,-2.7334,Morocco,MA,Oriental,,36766,36766
Zaïo,34.9396,-2.7334,2026-09-17,27.6,19.4,0.0,9,12.8,32.8,45,34.9396,-2.7334,Morocco,MA,Oriental,,36766,36766
Zaïo,34.9396,-2.7334,2026-09-18,27.8,18.9,0.0,10,15.7,36.0,45,34.9396,-2.7334,Morocco,MA,Oriental,,36766,36766
Zaïo,34.9396,-2.7334,2026-09-19,28.7,19.8,0.0,5,19.7,34.6,3,34.9396,-2.7334,Morocco,MA,Oriental,,36766,36766
Zaïo,34.9396,-2.7334,2026-09-20,29.1,20.9,0.0,3,19.8,35.6,45,34.9396,-2.7334,Morocco,MA,Oriental,,36766,36766
Zeghanghane,35.1575,-3.0017,2026-09-14,26.8,21.3,0.0,0,21.4,40.0,2,35.1575,-3.0017,Morocco,MA,Oriental,,31431,31431
Zeghanghane,35.1575,-3.0017,2026-09-15,27.8,19.9,0.0,0,13.8,27.7,45,35.1575,-3.0017,Morocco,MA,Oriental,,31431,31431
Zeghanghane,35.1575,-3.0017,2026-09-16,31.8,17.6,0.0,0,13.4,26.3,45,35.1575,-3.0017,Morocco,MA,Oriental,,31431,31431
Zeghanghane,35.1575,-3.0017,2026-09-17,26.9,20.0,0.0,3,10.5,22.7,3,35.1575,-3.0017,Morocco,MA,Oriental,,31431,31431
Zeghanghane,35.1575,-3.0017,2026-09-18,26.3,19.4,0.0,10,19.5,38.5,3,35.1575,-3.0017,Morocco,MA,Oriental,,31431,31431
Zeghanghane,35.1575,-3.0017,2026-09-19,27.9,21.6,0.0,8,18.9,34.6,3,35.1575,-3.0017,Morocco,MA,Oriental,,31431,31431
Zeghanghane,35.1575,-3.0017,2026-09-20,27.9,21.8,0.0,3,19.2,35.3,3,35.1575,-3.0017,Morocco,MA,Oriental,,31431,31431
